1,Karen,Senett,ksenett0@csmonitor.com,Genderfluid,10
2,Giavani,Emmison,gemmison1@china.com.cn,Agender,7
3,Corie,Jeram,cjeram2@examiner.com,Agender,12
4,Evita,Huge,ehuge3@alibaba.com,Genderqueer,4
5,Diana,Yakubovics,dyakubovics4@yellowpages.com,Genderfluid,15
6,Venus,Rumgay,vrumgay5@bbc.co.uk,Bigender,14
7,Stanley,St. Paul,sstpaul6@cornell.edu,Genderfluid,6
8,Free,Krugmann,fkrugmann7@fda.gov,Agender,10
9,Clem,Tommen,ctommen8@eepurl.com,Female,8
10,Bertine,Blackston,bblackston9@japanpost.jp,Genderfluid,12
11,Sylvester,Bean,sbeana@bloglovin.com,Non-binary,4
12,Katlin,Vinau,kvinaub@tmall.com,Genderqueer,5
13,Danika,Frederick,dfrederickc@google.cn,Non-binary,15
14,Jonas,Jaffrey,jjaffreyd@4shared.com,Genderfluid,14
15,Belia,MacConnell,bmacconnelle@springer.com,Genderqueer,4
16,Gwen,Brumfitt,gbrumfittf@latimes.com,Polygender,15
17,Clare,Crady,ccradyg@newyorker.com,Polygender,5
18,Benny,Dobby,bdobbyh@illinois.edu,Male,9
19,Alameda,Tinner,atinneri@unesco.org,Genderfluid,15
20,Collen,Marcome,cmarcomej@pagesperso-orange.fr,Non-binary,9
21,Dee dee,Yeld,dyeldk@merriam-webster.com,Genderfluid,1
22,Kennie,Croad,kcroadl@microsoft.com,Male,12
23,Jolie,Chrishop,jchrishopm@china.com.cn,Genderfluid,10
24,Geneva,Mallabon,gmallabonn@google.nl,Non-binary,7
25,Ardene,Dessent,adessento@accuweather.com,Female,5
26,Morty,Nisby,mnisbyp@uiuc.edu,Genderqueer,11
27,Rodolphe,Sangar,rsangarq@thetimes.co.uk,Agender,9
28,Niko,Sandercock,nsandercockr@businessinsider.com,Polygender,4
29,Ivett,Ditter,iditters@blog.com,Female,8
30,Alexina,Peggram,apeggramt@nih.gov,Agender,9
31,Carmon,Crilley,ccrilleyu@msu.edu,Male,6
32,Lauraine,Gwyn,lgwynv@friendfeed.com,Male,10
33,Waylen,Airton,wairtonw@msu.edu,Polygender,15
34,Neill,Willicott,nwillicottx@merriam-webster.com,Bigender,15
35,Flin,Eldrid,feldridy@amazonaws.com,Genderqueer,3
36,Carver,Cornelissen,ccornelissenz@liveinternet.ru,Non-binary,3
37,Noni,Hirth,nhirth10@wikispaces.com,Genderqueer,13
38,Meir,Liptrot,mliptrot11@mapy.cz,Non-binary,15
39,Joycelin,Galloway,jgalloway12@addthis.com,Male,11
40,Danyette,Broxap,dbroxap13@bbc.co.uk,Male,12
41,Roy,Meekings,rmeekings14@microsoft.com,Genderfluid,8
42,Burt,Beresfore,bberesfore15@cbsnews.com,Polygender,11
43,Jeramey,Moorcroft,jmoorcroft16@berkeley.edu,Genderfluid,4
44,Keeley,Scarrisbrick,kscarrisbrick17@ftc.gov,Female,15
45,Gianna,Abbett,gabbett18@state.tx.us,Genderfluid,2
46,Cornell,Linster,clinster19@upenn.edu,Non-binary,10
47,Burr,Wilstead,bwilstead1a@blogspot.com,Agender,5
48,Chastity,Gray,cgray1b@tuttocitta.it,Polygender,5
49,Lucien,Neenan,lneenan1c@lycos.com,Polygender,9
50,Mikol,Mathivet,mmathivet1d@stanford.edu,Genderqueer,10
51,Starla,Hinsch,shinsch1e@photobucket.com,Genderfluid,6
52,Mallory,Siddons,msiddons1f@fema.gov,Female,15
53,Pia,Pasfield,ppasfield1g@wikia.com,Female,9
54,Gilbert,Dayment,gdayment1h@chron.com,Bigender,7
55,Pauli,Domb,pdomb1i@webmd.com,Non-binary,14
56,Sigfrid,Coulthard,scoulthard1j@youku.com,Non-binary,11
57,Ingrim,Hames,ihames1k@hubpages.com,Bigender,3
58,Sherman,Barriball,sbarriball1l@linkedin.com,Non-binary,1
59,Saidee,McAllester,smcallester1m@bbb.org,Female,7
60,Fee,Harryman,fharryman1n@latimes.com,Female,12
61,Catherina,Robroe,crobroe1o@so-net.ne.jp,Bigender,6
62,Asher,Haily,ahaily1p@netscape.com,Genderqueer,15
63,Cyndi,De la croix,cdelacroix1q@chronoengine.com,Genderfluid,6
64,Corette,McClements,cmcclements1r@sogou.com,Genderqueer,5
65,Nerta,Clemes,nclemes1s@dailymail.co.uk,Male,12
66,Correna,Peirazzi,cpeirazzi1t@alexa.com,Genderfluid,3
67,Leonie,Patey,lpatey1u@businessinsider.com,Bigender,8
68,Martina,Andrusyak,mandrusyak1v@intel.com,Male,11
69,Rich,Beechcraft,rbeechcraft1w@addthis.com,Female,12
70,Mathias,Robberecht,mrobberecht1x@miibeian.gov.cn,Male,7
71,Adelind,Self,aself1y@wix.com,Genderfluid,10
72,Merissa,Blankhorn,mblankhorn1z@4shared.com,Bigender,9
73,Becky,Vaney,bvaney20@nbcnews.com,Polygender,10
74,Bianca,Murrum,bmurrum21@youtube.com,Genderqueer,10
75,Phedra,Khan,pkhan22@yolasite.com,Genderqueer,13
76,Pebrook,Hatch,phatch23@cbslocal.com,Non-binary,14
77,Olvan,Atwill,oatwill24@hostgator.com,Non-binary,12
78,Dorena,Loxton,dloxton25@fotki.com,Polygender,10
79,Stanford,Giffaut,sgiffaut26@acquirethisname.com,Bigender,12
80,Jeniece,Jelphs,jjelphs27@themeforest.net,Bigender,6
81,Analiese,Spurrior,aspurrior28@illinois.edu,Male,14
82,Rivy,Thackeray,rthackeray29@newsvine.com,Male,7
83,Abramo,Vargas,avargas2a@angelfire.com,Female,14
84,Elane,Orr,eorr2b@tinyurl.com,Agender,4
85,Christa,Ruckledge,cruckledge2c@google.co.jp,Male,14
86,Maribeth,MacWilliam,mmacwilliam2d@topsy.com,Bigender,4
87,Kory,Connal,kconnal2e@godaddy.com,Genderqueer,9
88,Mab,Blowne,mblowne2f@163.com,Bigender,7
89,Cosette,Drysdell,cdrysdell2g@rakuten.co.jp,Genderfluid,4
90,Ingeborg,Apple,iapple2h@drupal.org,Male,2
91,Lillian,Cornils,lcornils2i@topsy.com,Genderqueer,12
92,Marja,Witty,mwitty2j@twitpic.com,Genderfluid,7
93,Otis,Stenton,ostenton2k@quantcast.com,Polygender,5
94,Clyve,Briscow,cbriscow2l@upenn.edu,Genderfluid,14
95,Abba,Mordue,amordue2m@geocities.jp,Genderqueer,6
96,Ax,Arrol,aarrol2n@nba.com,Female,6
97,Tuckie,Lossman,tlossman2o@admin.ch,Genderqueer,8
98,Hodge,Race,hrace2p@cisco.com,Genderfluid,7
99,Egbert,Drohun,edrohun2q@fema.gov,Agender,13
100,Merrick,Selwood,mselwood2r@harvard.edu,Genderqueer,9
101,Skelly,Alywen,salywen2s@networksolutions.com,Genderqueer,13
102,Mirilla,Van de Castele,mvandecastele2t@scribd.com,Non-binary,8
103,Corbie,Brewin,cbrewin2u@weebly.com,Genderqueer,9
104,Agnesse,Landrick,alandrick2v@google.it,Female,3
105,Lindon,Gaudin,lgaudin2w@google.com.br,Genderfluid,11
106,Gordan,Heigl,gheigl2x@infoseek.co.jp,Agender,8
107,Kippie,Adnams,kadnams2y@yelp.com,Bigender,9
108,Webb,Birdseye,wbirdseye2z@upenn.edu,Genderqueer,14
109,Garry,Greiser,ggreiser30@desdev.cn,Agender,14
110,Kaela,Dockrell,kdockrell31@narod.ru,Agender,9
111,Shannon,Cornuau,scornuau32@skype.com,Polygender,1
112,Kym,Neilan,kneilan33@tiny.cc,Polygender,2
113,Tillie,Harrismith,tharrismith34@pbs.org,Genderfluid,11
114,Selie,Sommerfeld,ssommerfeld35@live.com,Polygender,13
115,Marchall,Bomfield,mbomfield36@list-manage.com,Bigender,4
116,Logan,Teas,lteas37@yale.edu,Bigender,1
117,Harwell,Tiery,htiery38@pinterest.com,Bigender,13
118,Chico,Galliford,cgalliford39@clickbank.net,Male,5
119,Chancey,Rozzier,crozzier3a@army.mil,Non-binary,4
120,Karrah,Piatti,kpiatti3b@mail.ru,Polygender,8
121,Cesar,Christescu,cchristescu3c@uol.com.br,Non-binary,12
122,Kessiah,Haizelden,khaizelden3d@wufoo.com,Bigender,3
123,Max,Maren,mmaren3e@parallels.com,Genderfluid,11
124,Silva,Sherwood,ssherwood3f@senate.gov,Genderfluid,11
125,Taber,Rivel,trivel3g@dell.com,Agender,2
126,Aloysius,Davern,adavern3h@ihg.com,Male,6
127,Clarinda,Sinclar,csinclar3i@over-blog.com,Polygender,15
128,Amber,Giovannetti,agiovannetti3j@unesco.org,Male,3
129,Osmund,Cleugh,ocleugh3k@live.com,Male,10
130,Carola,Bartol,cbartol3l@booking.com,Male,13
131,Shay,Chazotte,schazotte3m@discovery.com,Male,1
132,Edin,Briddock,ebriddock3n@behance.net,Agender,12
133,Tommy,Brodest,tbrodest3o@nba.com,Agender,15
134,Sherry,Bedells,sbedells3p@canalblog.com,Genderfluid,11
135,Becca,Frenchum,bfrenchum3q@tumblr.com,Genderqueer,8
136,Eamon,Adamec,eadamec3r@nationalgeographic.com,Bigender,9
137,Melloney,Fanner,mfanner3s@sciencedaily.com,Genderfluid,1
138,Trev,Di Domenico,tdidomenico3t@bizjournals.com,Non-binary,3
139,Curry,Castanares,ccastanares3u@hatena.ne.jp,Genderqueer,2
140,Marieann,Lowing,mlowing3v@tumblr.com,Agender,3
141,Merwyn,Janaszewski,mjanaszewski3w@si.edu,Bigender,10
142,Edmund,Shearmer,eshearmer3x@dropbox.com,Male,1
143,Joyan,Muncer,jmuncer3y@usda.gov,Genderqueer,6
144,Jen,Dolan,jdolan3z@sakura.ne.jp,Genderfluid,12
145,Hamilton,Roan,hroan40@yolasite.com,Male,12
146,Ettore,Zmitrichenko,ezmitrichenko41@twitter.com,Bigender,13
147,Yale,Charle,ycharle42@reverbnation.com,Genderqueer,10
148,Giavani,St. Queintain,gstqueintain43@bigcartel.com,Bigender,1
149,Carlos,Minney,cminney44@techcrunch.com,Genderfluid,14
150,Celeste,Potkin,cpotkin45@linkedin.com,Male,8
151,La verne,Yukhnov,lyukhnov46@webnode.com,Polygender,1
152,Myrta,Best,mbest47@army.mil,Male,2
153,Livvyy,Woolmington,lwoolmington48@rambler.ru,Non-binary,14
154,Hazlett,Ding,hding49@ebay.com,Genderqueer,6
155,Augustina,Crimp,acrimp4a@guardian.co.uk,Agender,10
156,Joanne,Hise,jhise4b@is.gd,Bigender,14
157,Davidson,Meddings,dmeddings4c@mapquest.com,Polygender,11
158,Gennie,D'Acth,gdacth4d@home.pl,Genderqueer,1
159,Adel,Heliot,aheliot4e@un.org,Bigender,8
160,Josey,Mark,jmark4f@imdb.com,Agender,5
161,Pernell,MacCallister,pmaccallister4g@cbsnews.com,Genderfluid,2
162,Emanuel,Sherwill,esherwill4h@narod.ru,Genderfluid,9
163,Townsend,Blackboro,tblackboro4i@google.de,Female,15
164,Lilli,Bestwall,lbestwall4j@squarespace.com,Genderqueer,1
165,Ruthanne,Graver,rgraver4k@usnews.com,Polygender,6
166,Dani,Rickford,drickford4l@imgur.com,Female,7
167,Zebulen,Severn,zsevern4m@nature.com,Agender,6
168,Masha,Harsant,mharsant4n@ebay.co.uk,Agender,4
169,Wren,Clearley,wclearley4o@indiatimes.com,Bigender,13
170,Arte,Menlow,amenlow4p@bloglines.com,Male,2
171,Ginger,Cannop,gcannop4q@freewebs.com,Bigender,1
172,Mariann,Seeger,mseeger4r@gmpg.org,Non-binary,13
173,Benn,Betje,bbetje4s@jiathis.com,Genderfluid,14
174,Kym,Woodison,kwoodison4t@yahoo.com,Genderqueer,14
175,Douglass,Acton,dacton4u@eventbrite.com,Male,7
176,Napoleon,Fontelles,nfontelles4v@wikispaces.com,Male,5
177,Teena,Turfes,tturfes4w@t.co,Genderqueer,3
178,Garey,Leeves,gleeves4x@purevolume.com,Male,7
179,Alexine,Westfalen,awestfalen4y@elpais.com,Genderfluid,1
180,Hastings,Finnick,hfinnick4z@yahoo.co.jp,Genderqueer,14
181,Isiahi,Gadney,igadney50@independent.co.uk,Agender,7
182,Tresa,Britee,tbritee51@latimes.com,Genderqueer,3
183,Yetta,Abrey,yabrey52@deviantart.com,Agender,2
184,Stanislas,Gethins,sgethins53@ihg.com,Genderfluid,10
185,Brigitta,Cockshott,bcockshott54@gravatar.com,Genderqueer,7
186,Ettie,Weetch,eweetch55@narod.ru,Polygender,5
187,Kristofer,MacManus,kmacmanus56@howstuffworks.com,Polygender,4
188,Cathlene,Burbank,cburbank57@mapy.cz,Male,1
189,Leigh,Gissop,lgissop58@studiopress.com,Non-binary,2
190,Gratia,Micheli,gmicheli59@sourceforge.net,Genderqueer,10
191,Devina,De Vaar,ddevaar5a@i2i.jp,Female,7
192,Renard,Swynfen,rswynfen5b@technorati.com,Agender,13
193,Prudi,Bickers,pbickers5c@twitter.com,Male,10
194,Jemmy,Basterfield,jbasterfield5d@networkadvertising.org,Female,7
195,Alena,Brazil,abrazil5e@goodreads.com,Agender,12
196,Holden,Humfrey,hhumfrey5f@forbes.com,Male,11
197,Gill,Meece,gmeece5g@loc.gov,Polygender,7
198,Lonee,Mineghelli,lmineghelli5h@fastcompany.com,Genderqueer,5
199,Michal,Stallen,mstallen5i@theguardian.com,Polygender,7
200,Tory,Kingsford,tkingsford5j@exblog.jp,Agender,1
201,Sasha,Dumsday,sdumsday5k@gmpg.org,Polygender,1
202,Vallie,O'Dyvoie,vodyvoie5l@biglobe.ne.jp,Non-binary,8
203,Chas,Kirmond,ckirmond5m@unblog.fr,Female,7
204,Ricardo,McCarl,rmccarl5n@samsung.com,Genderqueer,4
205,Timoteo,Sumpter,tsumpter5o@cloudflare.com,Male,14
206,Stanislas,Tuiller,stuiller5p@nps.gov,Non-binary,10
207,Evy,Slowly,eslowly5q@nationalgeographic.com,Male,1
208,Emmery,Whitebrook,ewhitebrook5r@flavors.me,Genderqueer,11
209,Lorilyn,Deakes,ldeakes5s@so-net.ne.jp,Genderqueer,14
210,Isidoro,Townend,itownend5t@amazonaws.com,Polygender,13
211,Babbette,Sleath,bsleath5u@smugmug.com,Bigender,11
212,Gusty,Carleman,gcarleman5v@trellian.com,Female,10
213,Kristoforo,Spofforth,kspofforth5w@thetimes.co.uk,Polygender,2
214,Haskell,Dacombe,hdacombe5x@biglobe.ne.jp,Polygender,8
215,Perl,Stockney,pstockney5y@com.com,Genderfluid,2
216,Bernette,Basini-Gazzi,bbasinigazzi5z@howstuffworks.com,Polygender,6
217,Eleanora,M'Chirrie,emchirrie60@artisteer.com,Male,6
218,Davine,Peers,dpeers61@uol.com.br,Non-binary,2
219,Kimbell,Segrott,ksegrott62@4shared.com,Male,7
220,Marnia,Sanchiz,msanchiz63@squarespace.com,Genderqueer,2
221,Buckie,Duffyn,bduffyn64@rakuten.co.jp,Female,11
222,Alayne,Birkenhead,abirkenhead65@friendfeed.com,Genderqueer,9
223,Prudence,Badini,pbadini66@bbb.org,Genderqueer,2
224,Rafaelia,Farren,rfarren67@goo.ne.jp,Genderfluid,13
225,Orren,Carding,ocarding68@sakura.ne.jp,Agender,1
226,Josey,Trank,jtrank69@multiply.com,Bigender,14
227,Royall,Beardall,rbeardall6a@reuters.com,Agender,3
228,Cynthia,Khrishtafovich,ckhrishtafovich6b@4shared.com,Agender,4
229,Nita,Raymond,nraymond6c@jalbum.net,Polygender,1
230,Rooney,Burris,rburris6d@opensource.org,Agender,2
231,Lizzie,Dicks,ldicks6e@google.nl,Genderqueer,3
232,Hadlee,Kinmond,hkinmond6f@spiegel.de,Female,10
233,Rad,Tills,rtills6g@sfgate.com,Male,14
234,Juliette,Giron,jgiron6h@themeforest.net,Polygender,15
235,Cacilie,Hussy,chussy6i@tumblr.com,Female,4
236,Dallis,Gladtbach,dgladtbach6j@europa.eu,Male,15
237,Emera,Kemster,ekemster6k@ftc.gov,Male,10
238,Steven,Rosas,srosas6l@ft.com,Agender,9
239,Melisande,Wesker,mwesker6m@reddit.com,Polygender,13
240,Cristobal,Odegaard,codegaard6n@networksolutions.com,Bigender,12
241,Rachele,Simons,rsimons6o@dell.com,Genderqueer,14
242,Conrad,Freen,cfreen6p@unesco.org,Agender,5
243,Deeann,Carss,dcarss6q@irs.gov,Non-binary,15
244,Paloma,Wandtke,pwandtke6r@skype.com,Non-binary,15
245,Idelle,Millgate,imillgate6s@go.com,Agender,10
246,Sonnie,Davidek,sdavidek6t@booking.com,Bigender,6
247,Durward,Pogosian,dpogosian6u@prlog.org,Agender,11
248,Erin,Goldsack,egoldsack6v@pinterest.com,Male,13
249,Gunilla,Gidley,ggidley6w@army.mil,Genderfluid,6
250,Gwen,Rubinsaft,grubinsaft6x@tumblr.com,Agender,9
251,Fifi,Mannin,fmannin6y@youtu.be,Agender,6
252,Hali,Hebburn,hhebburn6z@irs.gov,Non-binary,12
253,Padriac,Blemen,pblemen70@timesonline.co.uk,Bigender,12
254,Chastity,Dolby,cdolby71@about.me,Agender,6
255,Yul,Collinwood,ycollinwood72@google.com,Male,6
256,Jule,Jacmar,jjacmar73@aboutads.info,Bigender,7
257,Alyda,Bedwell,abedwell74@topsy.com,Genderfluid,9
258,Alleen,Gilman,agilman75@theatlantic.com,Male,5
259,Sallyanne,Dominey,sdominey76@facebook.com,Genderfluid,15
260,Lucia,Manifold,lmanifold77@canalblog.com,Agender,1
261,Blancha,Spurman,bspurman78@feedburner.com,Genderfluid,12
262,Rivi,Edmundson,redmundson79@tinypic.com,Male,10
263,Sammy,Petzolt,spetzolt7a@instagram.com,Bigender,5
264,Jed,Trubshawe,jtrubshawe7b@unc.edu,Genderqueer,9
265,Eleanore,Erridge,eerridge7c@dion.ne.jp,Polygender,14
266,Welbie,Elias,welias7d@netvibes.com,Agender,14
267,Sandie,Swanger,sswanger7e@reference.com,Female,12
268,Kathie,Prewett,kprewett7f@hostgator.com,Female,13
269,Leland,Simkins,lsimkins7g@parallels.com,Polygender,11
270,Fanchette,Bondy,fbondy7h@spiegel.de,Female,6
271,Lockwood,Perche,lperche7i@epa.gov,Genderqueer,1
272,George,Housden,ghousden7j@forbes.com,Polygender,15
273,Brod,Sarsons,bsarsons7k@mlb.com,Polygender,5
274,Dara,Folcarelli,dfolcarelli7l@blogspot.com,Non-binary,15
275,Aguie,Grassin,agrassin7m@exblog.jp,Polygender,2
276,Hyman,Farncomb,hfarncomb7n@berkeley.edu,Female,13
277,Elisabeth,Schust,eschust7o@cafepress.com,Genderqueer,12
278,Ediva,Morena,emorena7p@w3.org,Non-binary,10
279,Vitia,Posen,vposen7q@china.com.cn,Non-binary,6
280,Packston,Haggett,phaggett7r@icq.com,Genderfluid,6
281,Vinson,Basten,vbasten7s@webmd.com,Genderfluid,2
282,Fred,Skouling,fskouling7t@theglobeandmail.com,Bigender,1
283,Gualterio,Woltman,gwoltman7u@flickr.com,Bigender,8
284,Wald,Bunnell,wbunnell7v@time.com,Polygender,10
285,Dalis,Rubenovic,drubenovic7w@photobucket.com,Genderqueer,9
286,Elsi,Tomsa,etomsa7x@macromedia.com,Bigender,3
287,Merry,Harrema,mharrema7y@dot.gov,Male,8
288,Tailor,Reuven,treuven7z@ehow.com,Genderqueer,6
289,Corbin,McColgan,cmccolgan80@wix.com,Genderqueer,9
290,Lucho,Garter,lgarter81@wufoo.com,Female,13
291,Monique,Grogan,mgrogan82@creativecommons.org,Agender,15
292,Brigg,Benaine,bbenaine83@soup.io,Genderqueer,9
293,Tedda,Miettinen,tmiettinen84@xinhuanet.com,Agender,11
294,Micky,Ditchett,mditchett85@topsy.com,Polygender,3
295,Rodge,Janssens,rjanssens86@mtv.com,Genderfluid,13
296,Tim,Gilchrest,tgilchrest87@narod.ru,Agender,4
297,Claiborne,Kitchen,ckitchen88@issuu.com,Polygender,11
298,Danni,Vynoll,dvynoll89@europa.eu,Bigender,9
299,Ash,Banishevitz,abanishevitz8a@wikipedia.org,Genderqueer,11
300,Caro,Tilley,ctilley8b@cargocollective.com,Non-binary,11
301,Dieter,Snyder,dsnyder8c@dot.gov,Agender,4
302,Brose,Collins,bcollins8d@accuweather.com,Non-binary,7
303,Orrin,Leverson,oleverson8e@geocities.jp,Non-binary,14
304,Carine,Bentsen,cbentsen8f@cyberchimps.com,Male,5
305,Clovis,Mannie,cmannie8g@blogspot.com,Bigender,5
306,Vernon,Girardini,vgirardini8h@wired.com,Genderqueer,13
307,Roman,Klais,rklais8i@shareasale.com,Genderqueer,4
308,Aviva,Baudin,abaudin8j@psu.edu,Polygender,15
309,Kelcey,Ashpital,kashpital8k@naver.com,Male,11
310,Essie,Jehu,ejehu8l@howstuffworks.com,Bigender,4
311,Augusto,Munt,amunt8m@usgs.gov,Male,9
312,Clementina,Oatley,coatley8n@rediff.com,Male,4
313,Mac,Wanden,mwanden8o@ed.gov,Female,12
314,Hewitt,Tollerfield,htollerfield8p@acquirethisname.com,Male,8
315,Kevin,Gladyer,kgladyer8q@eventbrite.com,Polygender,7
316,Risa,Vickers,rvickers8r@ezinearticles.com,Bigender,8
317,Jarrid,Duker,jduker8s@tuttocitta.it,Agender,10
318,Stevena,Hamblyn,shamblyn8t@indiatimes.com,Polygender,3
319,Emmy,Ambroz,eambroz8u@surveymonkey.com,Non-binary,14
320,Daphne,Yurasov,dyurasov8v@cnn.com,Female,12
321,Inness,Elgey,ielgey8w@networksolutions.com,Female,15
322,Lem,Ovesen,lovesen8x@simplemachines.org,Genderfluid,3
323,Junette,Lanceter,jlanceter8y@addtoany.com,Agender,15
324,Kendricks,Leadbeatter,kleadbeatter8z@umich.edu,Genderqueer,8
325,Web,Goranov,wgoranov90@columbia.edu,Male,15
326,Filippa,Hallick,fhallick91@hp.com,Non-binary,7
327,Omero,Attride,oattride92@usda.gov,Male,15
328,Artie,Meaking,ameaking93@phpbb.com,Agender,2
329,Morissa,Plumbridge,mplumbridge94@homestead.com,Genderqueer,11
330,Alexandre,Cleland,acleland95@princeton.edu,Agender,1
331,Haleigh,MacKaig,hmackaig96@epa.gov,Non-binary,4
332,Faunie,Baldrick,fbaldrick97@wordpress.com,Polygender,2
333,Torrie,Blasgen,tblasgen98@hhs.gov,Male,2
334,Moses,Hiseman,mhiseman99@ftc.gov,Genderqueer,6
335,Somerset,Strotone,sstrotone9a@edublogs.org,Male,7
336,Angelina,Merrifield,amerrifield9b@technorati.com,Agender,1
337,Rhiamon,Righy,rrighy9c@ebay.com,Female,12
338,Ollie,Habbin,ohabbin9d@earthlink.net,Agender,13
339,Ami,Fluger,afluger9e@earthlink.net,Non-binary,12
340,Melli,Jeffress,mjeffress9f@prlog.org,Agender,8
341,Becca,Smorthit,bsmorthit9g@nydailynews.com,Genderfluid,8
342,Berri,Windibank,bwindibank9h@t.co,Polygender,12
343,Madelin,Todarello,mtodarello9i@technorati.com,Polygender,12
344,Haleigh,Kopje,hkopje9j@tinyurl.com,Genderqueer,13
345,Otho,Tite,otite9k@techcrunch.com,Polygender,14
346,Lindie,Cockett,lcockett9l@typepad.com,Genderqueer,1
347,Antonella,Twopenny,atwopenny9m@walmart.com,Genderfluid,7
348,Jackquelin,Pocke,jpocke9n@google.it,Polygender,2
349,Hyman,De Bell,hdebell9o@tripod.com,Polygender,9
350,Brody,Yegorkin,byegorkin9p@census.gov,Polygender,15
351,Land,Jorat,ljorat9q@opensource.org,Female,13
352,Junia,Gaunter,jgaunter9r@jiathis.com,Genderqueer,9
353,Trace,Rosander,trosander9s@icio.us,Genderfluid,9
354,Tedda,Fend,tfend9t@marriott.com,Bigender,2
355,Ansel,Eliassen,aeliassen9u@springer.com,Genderqueer,12
356,Jacquetta,Kubatsch,jkubatsch9v@pcworld.com,Non-binary,11
357,Care,Plain,cplain9w@sourceforge.net,Genderqueer,11
358,Wilone,Keher,wkeher9x@princeton.edu,Bigender,9
359,Humfrey,Norwell,hnorwell9y@kickstarter.com,Genderfluid,10
360,Kessiah,De Ferrari,kdeferrari9z@ezinearticles.com,Bigender,1
361,Elwira,Izkovitch,eizkovitcha0@amazonaws.com,Non-binary,5
362,Gillie,Jaynes,gjaynesa1@nasa.gov,Genderfluid,8
363,Francisco,Aberkirdo,faberkirdoa2@rakuten.co.jp,Genderqueer,11
364,Odella,Cadding,ocaddinga3@pbs.org,Non-binary,1
365,Vevay,Antonomolii,vantonomoliia4@discovery.com,Genderqueer,3
366,Nariko,Sheryn,nsheryna5@alibaba.com,Non-binary,7
367,Gerty,Coster,gcostera6@netscape.com,Polygender,10
368,Felizio,Race,fracea7@ebay.com,Agender,7
369,Grethel,Galliford,ggalliforda8@csmonitor.com,Female,9
370,Willa,Blogg,wblogga9@t-online.de,Polygender,10
371,Rori,Gomm,rgommaa@rediff.com,Bigender,6
372,Ruy,Pavlov,rpavlovab@comcast.net,Genderqueer,7
373,Lonni,Tixier,ltixierac@google.co.uk,Female,7
374,Frederick,Dealey,fdealeyad@boston.com,Non-binary,7
375,Joceline,Norbury,jnorburyae@ucoz.ru,Agender,8
376,Emmaline,Stuttman,estuttmanaf@chicagotribune.com,Genderqueer,2
377,Abdul,Boriston,aboristonag@dailymotion.com,Genderqueer,4
378,Merola,Collison,mcollisonah@com.com,Genderfluid,1
379,Lem,Test,ltestai@istockphoto.com,Female,3
380,Corabelle,Pallant,cpallantaj@alibaba.com,Agender,15
381,Othilie,O'Rodane,oorodaneak@istockphoto.com,Non-binary,11
382,Puff,Dayne,pdayneal@mail.ru,Polygender,9
383,Kleon,Hollow,khollowam@yellowbook.com,Polygender,7
384,Hilde,Davinet,hdavinetan@furl.net,Bigender,12
385,Randolph,Erskine Sandys,rerskinesandysao@si.edu,Male,15
386,Kelly,Brumby,kbrumbyap@yahoo.com,Genderqueer,9
387,Flin,Marcinkowski,fmarcinkowskiaq@gov.uk,Non-binary,14
388,Chrisy,Dickin,cdickinar@example.com,Male,3
389,Montgomery,Grewer,mgreweras@cbc.ca,Polygender,8
390,Hansiain,Lukock,hlukockat@irs.gov,Genderfluid,15
391,Marcela,Berthe,mbertheau@sourceforge.net,Polygender,3
392,Carroll,Bernli,cbernliav@ifeng.com,Genderfluid,9
393,Giraud,Bazoche,gbazocheaw@webeden.co.uk,Genderfluid,7
394,Roseann,Reffe,rreffeax@gov.uk,Polygender,15
395,Louisa,Iwanczyk,liwanczykay@1688.com,Bigender,12
396,Lark,Kemball,lkemballaz@imageshack.us,Male,14
397,Addy,Chatterton,achattertonb0@blogger.com,Male,1
398,Gerladina,Cammoile,gcammoileb1@weibo.com,Female,5
399,Mary,Gullifant,mgullifantb2@washington.edu,Female,1
400,Billi,Kacheler,bkachelerb3@godaddy.com,Male,13
401,Kirsteni,Silverton,ksilvertonb4@naver.com,Genderfluid,1
402,Eileen,Shorto,eshortob5@dion.ne.jp,Bigender,11
403,Ermengarde,Blount,eblountb6@sina.com.cn,Female,11
404,Hyman,Strother,hstrotherb7@aboutads.info,Female,15
405,Panchito,Marchenko,pmarchenkob8@exblog.jp,Bigender,1
406,Julio,Gyves,jgyvesb9@comcast.net,Genderqueer,1
407,Reynard,O'Nolan,ronolanba@weibo.com,Genderqueer,8
408,Kellsie,Bools,kboolsbb@sohu.com,Bigender,6
409,Tammy,Dunbleton,tdunbletonbc@intel.com,Bigender,12
410,Tiffie,Stolworthy,tstolworthybd@thetimes.co.uk,Non-binary,11
411,Hesther,Fortnum,hfortnumbe@macromedia.com,Male,8
412,Christel,Rodger,crodgerbf@narod.ru,Agender,2
413,Colleen,Serjeant,cserjeantbg@free.fr,Agender,7
414,Dex,Grinnov,dgrinnovbh@taobao.com,Female,14
415,Kyle,Nance,knancebi@taobao.com,Polygender,10
416,Melosa,Jerams,mjeramsbj@pagesperso-orange.fr,Polygender,11
417,Joan,Niccolls,jniccollsbk@unc.edu,Male,10
418,Don,Woodwing,dwoodwingbl@digg.com,Polygender,5
419,Jo-anne,Brownhill,jbrownhillbm@nba.com,Polygender,15
420,Rustie,Eyes,reyesbn@scientificamerican.com,Male,4
421,Eadie,Milberry,emilberrybo@cmu.edu,Agender,12
422,Malva,Calderon,mcalderonbp@dailymail.co.uk,Agender,3
423,Thurstan,Egar,tegarbq@1und1.de,Bigender,15
424,Maxim,Duffill,mduffillbr@microsoft.com,Male,14
425,Cornelia,Hector,chectorbs@bbb.org,Polygender,5
426,Arliene,Clemas,aclemasbt@joomla.org,Male,14
427,Loise,Balkwill,lbalkwillbu@1und1.de,Male,12
428,Panchito,Norres,pnorresbv@barnesandnoble.com,Male,9
429,Ricca,Grisedale,rgrisedalebw@unesco.org,Male,11
430,Phyllida,Rey,preybx@intel.com,Genderfluid,4
431,Colas,Verchambre,cverchambreby@blinklist.com,Genderfluid,14
432,Winifield,Treen,wtreenbz@bbb.org,Non-binary,1
433,Tiffany,Bleazard,tbleazardc0@springer.com,Polygender,2
434,Alexina,Truggian,atruggianc1@miibeian.gov.cn,Genderqueer,1
435,Flor,Gorick,fgorickc2@umich.edu,Polygender,7
436,Winslow,Leyton,wleytonc3@altervista.org,Genderfluid,9
437,Sherwood,Danilovitch,sdanilovitchc4@netlog.com,Genderfluid,7
438,Lyssa,Townson,ltownsonc5@ning.com,Genderqueer,10
439,Aguie,Romaynes,aromaynesc6@fda.gov,Genderqueer,14
440,Allister,Feasby,afeasbyc7@kickstarter.com,Male,14
441,Dorree,Botley,dbotleyc8@flavors.me,Non-binary,10
442,Marcel,Scottesmoor,mscottesmoorc9@list-manage.com,Female,4
443,Ezri,Crosskell,ecrosskellca@google.com.au,Genderqueer,5
444,Moise,Tant,mtantcb@cbsnews.com,Genderfluid,10
445,Kylie,Lydiatt,klydiattcc@ebay.com,Female,12
446,Pam,Nitti,pnitticd@cornell.edu,Female,4
447,Melisandra,Greschik,mgreschikce@linkedin.com,Female,2
448,Ollie,Gammack,ogammackcf@army.mil,Female,10
449,Marcille,Corss,mcorsscg@apple.com,Genderfluid,1
450,Jourdan,Roxby,jroxbych@cloudflare.com,Agender,10
451,Kaylee,Fairhurst,kfairhurstci@netscape.com,Bigender,9
452,Bridget,Haslin,bhaslincj@dailymail.co.uk,Female,1
453,Pauly,Heasly,pheaslyck@ted.com,Male,11
454,Page,Skule,pskulecl@cafepress.com,Genderqueer,9
455,Darcy,Padmore,dpadmorecm@usatoday.com,Genderqueer,2
456,Coral,Karslake,ckarslakecn@archive.org,Genderqueer,11
457,Christophe,Botterman,cbottermanco@bbc.co.uk,Female,15
458,Jennilee,Pikesley,jpikesleycp@hostgator.com,Male,7
459,Bealle,Mildmott,bmildmottcq@comcast.net,Polygender,9
460,Yancey,Tregien,ytregiencr@ibm.com,Polygender,14
461,Andrej,Morphew,amorphewcs@freewebs.com,Bigender,10
462,Paulette,Bustard,pbustardct@craigslist.org,Female,6
463,Tonnie,Bulbrook,tbulbrookcu@icio.us,Non-binary,9
464,Irma,Seares,isearescv@wikimedia.org,Non-binary,5
465,Rachel,Darkins,rdarkinscw@storify.com,Polygender,10
466,Valli,Strahan,vstrahancx@cnet.com,Female,4
467,Annelise,Hazel,ahazelcy@godaddy.com,Agender,1
468,Evonne,Fierman,efiermancz@adobe.com,Genderqueer,2
469,Fair,Wragg,fwraggd0@upenn.edu,Genderfluid,5
470,Jennette,Jenkinson,jjenkinsond1@wiley.com,Non-binary,5
471,Flor,Gauld,fgauldd2@etsy.com,Bigender,2
472,Dalenna,Krammer,dkrammerd3@bigcartel.com,Genderqueer,5
473,Clarinda,Losseljong,closseljongd4@google.de,Agender,8
474,Lexie,Frowde,lfrowded5@uiuc.edu,Bigender,10
475,Bibby,Derye-Barrett,bderyebarrettd6@imgur.com,Agender,11
476,Zebadiah,Duiguid,zduiguidd7@exblog.jp,Polygender,7
477,Doria,Conan,dconand8@rediff.com,Genderqueer,11
478,Shayla,Terrington,sterringtond9@umich.edu,Agender,4
479,Bartholemy,Lankford,blankfordda@flavors.me,Bigender,15
480,Federico,Malloch,fmallochdb@usa.gov,Male,5
481,Rolland,Sealy,rsealydc@xrea.com,Agender,9
482,Richmound,Llopis,rllopisdd@reverbnation.com,Genderqueer,13
483,Eleen,Attaway,eattawayde@webs.com,Bigender,7
484,Willa,Witterick,wwitterickdf@wikipedia.org,Female,12
485,Sue,Impey,simpeydg@tinypic.com,Genderfluid,3
486,Else,Southwick,esouthwickdh@dell.com,Female,3
487,Stevana,Enderlein,senderleindi@examiner.com,Polygender,4
488,Rutherford,Craske,rcraskedj@globo.com,Polygender,10
489,Gavrielle,Desmond,gdesmonddk@sbwire.com,Female,10
490,Mitchael,Salt,msaltdl@sohu.com,Non-binary,9
491,Bernardina,Showl,bshowldm@netscape.com,Polygender,4
492,Netta,Ranfield,nranfielddn@g.co,Genderqueer,11
493,Ramona,Pancoast,rpancoastdo@examiner.com,Male,2
494,Albrecht,Restall,arestalldp@nydailynews.com,Agender,6
495,Gaultiero,Toor,gtoordq@time.com,Genderqueer,1
496,Agosto,Stonuary,astonuarydr@stanford.edu,Bigender,1
497,Sawyer,Ricketts,srickettsds@archive.org,Genderqueer,3
498,Waly,Lippard,wlipparddt@networkadvertising.org,Genderfluid,1
499,Ellen,Liversedge,eliversedgedu@tiny.cc,Genderfluid,4
500,Garek,Harniman,gharnimandv@deviantart.com,Non-binary,8
501,Clio,Shirt,cshirtdw@umich.edu,Agender,9
502,Beverie,Keppie,bkeppiedx@yahoo.com,Polygender,12
503,Pepi,Stoving,pstovingdy@youku.com,Bigender,1
504,Charyl,Pursglove,cpursglovedz@nifty.com,Agender,11
505,Jilly,Swanton,jswantone0@ft.com,Male,12
506,Orel,Bode,obodee1@sina.com.cn,Bigender,14
507,Nichole,Tottie,ntottiee2@intel.com,Female,2
508,Husain,Bracegirdle,hbracegirdlee3@narod.ru,Non-binary,4
509,Berti,Pickover,bpickovere4@prweb.com,Agender,7
510,Jonas,Glenwright,jglenwrighte5@cbsnews.com,Non-binary,12
511,Aurilia,Arenson,aarensone6@naver.com,Agender,3
512,Nathalie,Hardcastle,nhardcastlee7@discuz.net,Non-binary,8
513,Oswald,Kelso,okelsoe8@google.cn,Genderqueer,15
514,Marcello,Le Brun,mlebrune9@forbes.com,Male,3
515,August,Stritton,astrittonea@shinystat.com,Genderfluid,8
516,Kev,Devericks,kdeverickseb@sina.com.cn,Polygender,6
517,Hale,Backshaw,hbackshawec@harvard.edu,Agender,2
518,Germaine,Szantho,gszanthoed@smugmug.com,Non-binary,13
519,Adamo,Corner,acorneree@washington.edu,Genderqueer,8
520,Dorette,Bonde,dbondeef@cpanel.net,Bigender,6
521,Jenny,Bedenham,jbedenhameg@squidoo.com,Agender,12
522,Dieter,Klimpke,dklimpkeeh@quantcast.com,Female,2
523,Lamont,Besson,lbessonei@mapquest.com,Female,5
524,Gianna,Meedendorpe,gmeedendorpeej@cdc.gov,Bigender,2
525,Davine,Filipczynski,dfilipczynskiek@geocities.jp,Agender,8
526,Luella,Gaskins,lgaskinsel@ovh.net,Agender,9
527,Ber,Scheffel,bscheffelem@tumblr.com,Genderqueer,11
528,Dylan,Shilladay,dshilladayen@apple.com,Genderqueer,4
529,Mair,Izzard,mizzardeo@phpbb.com,Polygender,3
530,Christel,Lomax,clomaxep@123-reg.co.uk,Non-binary,9
531,Lorin,Hunnisett,lhunnisetteq@ocn.ne.jp,Agender,9
532,Rufe,Fellowes,rfelloweser@buzzfeed.com,Genderqueer,5
533,Mercie,Ferronel,mferroneles@prnewswire.com,Agender,12
534,Elisabetta,Hargey,ehargeyet@gov.uk,Non-binary,10
535,Anderson,Bene,abeneeu@tamu.edu,Bigender,15
536,Hildagard,Schonfeld,hschonfeldev@last.fm,Polygender,4
537,Hendrick,Gahagan,hgahaganew@nytimes.com,Genderfluid,4
538,Wait,Synder,wsynderex@odnoklassniki.ru,Polygender,10
539,Mirabella,Potteril,mpotteriley@house.gov,Bigender,7
540,Pattin,Leason,pleasonez@parallels.com,Female,5
541,Coral,Murricanes,cmurricanesf0@dedecms.com,Genderqueer,8
542,Alix,Defont,adefontf1@free.fr,Genderfluid,13
543,Simone,Neachell,sneachellf2@youku.com,Agender,4
544,Verena,Gaskill,vgaskillf3@example.com,Polygender,8
545,Wendel,Schukert,wschukertf4@latimes.com,Non-binary,10
546,Siana,Benettolo,sbenettolof5@wikia.com,Bigender,15
547,Putnam,Bannister,pbannisterf6@nytimes.com,Genderqueer,15
548,Dalton,Randerson,drandersonf7@msu.edu,Polygender,8
549,Augusta,Sherel,asherelf8@state.gov,Male,3
550,Romonda,Hyndson,rhyndsonf9@1und1.de,Genderfluid,3
551,Roy,Hovey,rhoveyfa@phpbb.com,Agender,11
552,Cecilia,Dowdell,cdowdellfb@netscape.com,Bigender,7
553,Jacynth,Roantree,jroantreefc@usa.gov,Male,15
554,Rhodia,Garbert,rgarbertfd@sphinn.com,Non-binary,8
555,Penny,Chamney,pchamneyfe@cnn.com,Genderqueer,15
556,Dorise,Durston,ddurstonff@economist.com,Genderfluid,14
557,Nathalia,Pasby,npasbyfg@vimeo.com,Non-binary,5
558,Dael,Chaffen,dchaffenfh@imdb.com,Genderqueer,1
559,Colene,Midgely,cmidgelyfi@angelfire.com,Bigender,7
560,Berty,Crothers,bcrothersfj@diigo.com,Genderqueer,8
561,Alla,Dudman,adudmanfk@netscape.com,Genderqueer,7
562,Waiter,Cottam,wcottamfl@nifty.com,Genderfluid,14
563,Deny,McCluin,dmccluinfm@trellian.com,Genderfluid,11
564,Hamnet,Pykett,hpykettfn@cnet.com,Genderqueer,8
565,Mel,Longfellow,mlongfellowfo@geocities.com,Agender,12
566,Aggie,Lammerich,alammerichfp@free.fr,Non-binary,5
567,Audie,Simcock,asimcockfq@github.com,Bigender,4
568,Curran,Blant,cblantfr@shareasale.com,Polygender,6
569,Shena,Janout,sjanoutfs@youku.com,Bigender,11
570,Shelley,Wreiford,swreifordft@addtoany.com,Agender,10
571,Brenn,Le-Good,blegoodfu@harvard.edu,Male,11
572,Talia,Cakebread,tcakebreadfv@geocities.jp,Female,7
573,Silvan,Kitchaside,skitchasidefw@php.net,Genderqueer,1
574,Van,Pickersail,vpickersailfx@nsw.gov.au,Female,14
575,Hi,Dunster,hdunsterfy@tripadvisor.com,Male,12
576,Fabiano,Ferney,fferneyfz@lulu.com,Genderfluid,15
577,Sayre,Russ,srussg0@oracle.com,Male,10
578,Jobi,Jekyll,jjekyllg1@amazon.co.jp,Bigender,8
579,Mallory,Marciek,mmarciekg2@fc2.com,Genderqueer,15
580,Allix,Gladdis,agladdisg3@nps.gov,Polygender,11
581,Kaela,Priel,kprielg4@alibaba.com,Bigender,14
582,Nikki,Jindacek,njindacekg5@walmart.com,Male,5
583,Roseanna,Sunter,rsunterg6@accuweather.com,Female,13
584,Con,Hemphall,chemphallg7@home.pl,Male,9
585,Nissie,Ibbison,nibbisong8@ebay.com,Female,8
586,Kristine,Spridgen,kspridgeng9@admin.ch,Genderqueer,10
587,Halimeda,Smiths,hsmithsga@mapy.cz,Bigender,3
588,Braden,Riordan,briordangb@homestead.com,Agender,15
589,Melisa,Mayoh,mmayohgc@ucsd.edu,Genderqueer,6
590,Lock,Willacot,lwillacotgd@bandcamp.com,Polygender,13
591,Scarlett,Champerlen,schamperlenge@cafepress.com,Non-binary,8
592,Matthias,Baldam,mbaldamgf@salon.com,Agender,7
593,Kristy,Parratt,kparrattgg@github.io,Male,10
594,Halie,Dunn,hdunngh@wufoo.com,Genderfluid,1
595,Merissa,Ducker,mduckergi@ucsd.edu,Non-binary,8
596,Vin,Senter,vsentergj@slideshare.net,Male,3
597,Helsa,Daniel,hdanielgk@marriott.com,Non-binary,13
598,Barn,Furzey,bfurzeygl@pbs.org,Agender,8
599,Isa,Growy,igrowygm@kickstarter.com,Non-binary,3
600,Augustina,Di Frisco,adifriscogn@shareasale.com,Male,3
