1,Elisa,Braker,ebraker0@webmd.com
2,Rowland,Bullivant,rbullivant1@huffingtonpost.com
3,Libbi,Persian,lpersian2@amazon.co.jp
4,Francklin,Stachini,fstachini3@arstechnica.com
5,Normand,Huburn,nhuburn4@topsy.com
6,Jermaine,Wickersley,jwickersley5@google.ca
7,Benton,MacMenamy,bmacmenamy6@wikispaces.com
8,Winny,Sealand,wsealand7@seattletimes.com
9,Laureen,Alpe,lalpe8@apache.org
10,Rickey,Blonden,rblonden9@parallels.com
11,Jervis,Ridgway,jridgwaya@etsy.com
12,Dorothea,Coates,dcoatesb@google.fr
13,Glennis,Ridgewell,gridgewellc@aboutads.info
14,Schuyler,Walenta,swalentad@biblegateway.com
15,Randa,Williams,rwilliamse@woothemes.com
16,Karrie,Pesterfield,kpesterfieldf@tumblr.com
17,Claudianus,Sephton,csephtong@mashable.com
18,Duff,Bakhrushin,dbakhrushinh@un.org
19,Leese,Tidmarsh,ltidmarshi@macromedia.com
20,Noni,Cousen,ncousenj@cnet.com
21,Allie,Rigbye,arigbyek@addthis.com
22,Peder,Medcalf,pmedcalfl@china.com.cn
23,Corbet,Hackney,chackneym@wikimedia.org
24,Asa,Bulloch,abullochn@ow.ly
25,Johnny,Vain,jvaino@naver.com
26,Hasheem,Philippart,hphilippartp@twitpic.com
27,Hayden,Featherby,hfeatherbyq@un.org
28,Anett,Kilner,akilnerr@msu.edu
29,Dulcie,Canepe,dcanepes@google.de
30,Hurleigh,Hurt,hhurtt@eventbrite.com
31,Skipper,Gallen,sgallenu@shinystat.com
32,Siusan,Janjic,sjanjicv@a8.net
33,Claudina,Roskrug,croskrugw@skype.com
34,Richart,Bernardez,rbernardezx@ocn.ne.jp
35,Barn,Sinkin,bsinkiny@auda.org.au
36,Gare,De Lascy,gdelascyz@washingtonpost.com
37,Jodi,Brunroth,jbrunroth10@columbia.edu
38,Aurel,McGeady,amcgeady11@smh.com.au
39,Brady,Kleehuhler,bkleehuhler12@sciencedirect.com
40,Odille,Edowes,oedowes13@naver.com
41,Ike,Tille,itille14@va.gov
42,Violette,Laycock,vlaycock15@disqus.com
43,Dalis,Lowing,dlowing16@about.me
44,Leonora,Trusler,ltrusler17@pen.io
45,Guthrey,Woolland,gwoolland18@dropbox.com
46,Jephthah,Bortolotti,jbortolotti19@discuz.net
47,Harrie,McTiernan,hmctiernan1a@istockphoto.com
48,Shelia,Stitwell,sstitwell1b@nyu.edu
49,Mame,Blainey,mblainey1c@jigsy.com
50,Mattie,Lamborn,mlamborn1d@marriott.com
51,Lyndell,Piggford,lpiggford1e@latimes.com
52,Horatius,Jakubovitch,hjakubovitch1f@ucsd.edu
53,Salim,Hurran,shurran1g@amazon.co.uk
54,Benjy,Skittrall,bskittrall1h@umn.edu
55,Kliment,Cowlishaw,kcowlishaw1i@wikia.com
56,Gilberto,Lawrenz,glawrenz1j@stumbleupon.com
57,Eadie,Coltherd,ecoltherd1k@umn.edu
58,Dolley,Lindl,dlindl1l@multiply.com
59,Jacinthe,Nerne,jnerne1m@addtoany.com
60,Nancie,Schenfisch,nschenfisch1n@businessweek.com
61,Armstrong,Gillow,agillow1o@usatoday.com
62,Barby,Arnolds,barnolds1p@virginia.edu
63,Maximilien,Beteriss,mbeteriss1q@technorati.com
64,Austen,Caudle,acaudle1r@msu.edu
65,Gerti,Roeby,groeby1s@howstuffworks.com
66,Aaren,Simakov,asimakov1t@nationalgeographic.com
67,Redd,Lambersen,rlambersen1u@nhs.uk
68,Rocky,Bartrum,rbartrum1v@apple.com
69,Merwyn,Ugoni,mugoni1w@phoca.cz
70,Ethelin,Board,eboard1x@privacy.gov.au
71,Idaline,Hurl,ihurl1y@vkontakte.ru
72,Samson,Lovatt,slovatt1z@unblog.fr
73,Ellyn,Edworthie,eedworthie20@whitehouse.gov
74,Elenore,Nail,enail21@whitehouse.gov
75,Norrie,Stuchbury,nstuchbury22@cnn.com
76,Cassaundra,Lockhead,clockhead23@w3.org
77,Gasper,Mariet,gmariet24@fda.gov
78,Brock,Lillicrap,blillicrap25@ucoz.ru
79,Melesa,Kilpatrick,mkilpatrick26@japanpost.jp
80,Lane,Mourbey,lmourbey27@tinyurl.com
81,Yolane,Dreng,ydreng28@economist.com
82,Dmitri,Ferrini,dferrini29@usatoday.com
83,Courtenay,Smalls,csmalls2a@alexa.com
84,Catie,Vaudrey,cvaudrey2b@hatena.ne.jp
85,Yvor,Kippin,ykippin2c@surveymonkey.com
86,Teressa,Stearley,tstearley2d@prnewswire.com
87,Garrard,Hobden,ghobden2e@usnews.com
88,Nanine,Gallienne,ngallienne2f@prlog.org
89,Benjie,Widdison,bwiddison2g@mapy.cz
90,Suzann,Christou,schristou2h@newsvine.com
91,Emlynne,Boorman,eboorman2i@vimeo.com
92,Kelsy,Alton,kalton2j@cnn.com
93,Vassily,Sissland,vsissland2k@1688.com
94,Gaile,Tripet,gtripet2l@howstuffworks.com
95,Clarie,Aharoni,caharoni2m@imdb.com
96,Dosi,Meir,dmeir2n@army.mil
97,Bonni,Rickcord,brickcord2o@soundcloud.com
98,Fancy,Barreau,fbarreau2p@nyu.edu
99,Merrel,Juszkiewicz,mjuszkiewicz2q@networkadvertising.org
100,Mario,Selesnick,mselesnick2r@google.it
101,Moshe,Hulse,mhulse2s@topsy.com
102,Marcy,Calton,mcalton2t@wired.com
103,Alayne,McTrusty,amctrusty2u@surveymonkey.com
104,Bennie,Clemencet,bclemencet2v@naver.com
105,Isabella,Goodbarr,igoodbarr2w@elegantthemes.com
106,Thaine,Eles,teles2x@addthis.com
107,Lida,Atley,latley2y@hao123.com
108,Issi,Grabiec,igrabiec2z@tiny.cc
109,Kevyn,Martijn,kmartijn30@samsung.com
110,Chrotoem,Ackenhead,cackenhead31@yellowbook.com
111,Hobard,Muress,hmuress32@netscape.com
112,Sidoney,Spearing,sspearing33@liveinternet.ru
113,Kalila,Elgie,kelgie34@arstechnica.com
114,Maury,Trippett,mtrippett35@ezinearticles.com
115,Richardo,Cowins,rcowins36@webnode.com
116,Alys,Yakobowitz,ayakobowitz37@sun.com
117,Meriel,Ferrey,mferrey38@miibeian.gov.cn
118,Willem,Pirozzi,wpirozzi39@mac.com
119,Shirleen,Maffin,smaffin3a@google.com
120,Johnnie,Vala,jvala3b@marriott.com
121,Lilli,Wherry,lwherry3c@loc.gov
122,Angeli,Crewther,acrewther3d@wiley.com
123,Holmes,Debell,hdebell3e@webmd.com
124,Shari,Duddle,sduddle3f@stanford.edu
125,Margo,Cornelleau,mcornelleau3g@paginegialle.it
126,Orelee,Connochie,oconnochie3h@sphinn.com
127,Joell,Casbourne,jcasbourne3i@creativecommons.org
128,Bartholomeus,Draper,bdraper3j@hugedomains.com
129,Rod,Wrates,rwrates3k@bluehost.com
130,Sim,Dorrell,sdorrell3l@toplist.cz
131,Staci,Bowerbank,sbowerbank3m@wikispaces.com
132,Gannie,Rawstorne,grawstorne3n@state.tx.us
133,Osbert,Scowcroft,oscowcroft3o@bloglovin.com
134,Charmain,Leopold,cleopold3p@bravesites.com
135,Rory,Manford,rmanford3q@sciencedirect.com
136,Griswold,Abrahams,gabrahams3r@berkeley.edu
137,Isadora,Kettoe,ikettoe3s@twitter.com
138,Alva,Tompsett,atompsett3t@vistaprint.com
139,Jasmine,Kettel,jkettel3u@mediafire.com
140,Jolee,Scoggan,jscoggan3v@accuweather.com
141,Adriane,Caen,acaen3w@latimes.com
142,Mariska,Marini,mmarini3x@netvibes.com
143,Risa,Oliver,roliver3y@symantec.com
144,Shelden,Longo,slongo3z@purevolume.com
145,Michele,Loyns,mloyns40@indiegogo.com
146,Ricard,Tripean,rtripean41@privacy.gov.au
147,Alric,Kennicott,akennicott42@accuweather.com
148,Stanley,Whaymand,swhaymand43@wufoo.com
149,Barbaraanne,Antosik,bantosik44@adobe.com
150,Anita,Bemand,abemand45@aboutads.info
151,Ilka,Dignan,idignan46@nsw.gov.au
152,Cynthia,Lawdham,clawdham47@odnoklassniki.ru
153,Violante,Selliman,vselliman48@jigsy.com
154,Kelci,Isakovitch,kisakovitch49@myspace.com
155,Alley,Basden,abasden4a@imageshack.us
156,Giffie,Smethurst,gsmethurst4b@wikimedia.org
157,Micky,Yewdale,myewdale4c@qq.com
158,Jozef,Cariss,jcariss4d@google.co.uk
159,Minnie,Colvie,mcolvie4e@techcrunch.com
160,Martie,Dorwood,mdorwood4f@networksolutions.com
161,Mallorie,Huddy,mhuddy4g@elpais.com
162,Gabie,Greaves,ggreaves4h@furl.net
163,Bernardina,Ballentime,bballentime4i@webnode.com
164,Archambault,Furneaux,afurneaux4j@springer.com
165,Alina,Banthorpe,abanthorpe4k@google.cn
166,Tomas,Eddis,teddis4l@jimdo.com
167,Kathlin,Tinline,ktinline4m@bandcamp.com
168,Drucy,Coogan,dcoogan4n@e-recht24.de
169,Karalee,Asple,kasple4o@flavors.me
170,Stevana,Rhydderch,srhydderch4p@imageshack.us
171,Derril,Leeman,dleeman4q@va.gov
172,Josy,Rapier,jrapier4r@istockphoto.com
173,Sidnee,Garrood,sgarrood4s@geocities.com
174,Heinrick,Mee,hmee4t@usda.gov
175,Theo,Cobbled,tcobbled4u@uol.com.br
176,Teresa,Lidgley,tlidgley4v@kickstarter.com
177,Jacki,O'Bradain,jobradain4w@google.nl
178,Evelyn,Serginson,eserginson4x@symantec.com
179,Faustine,Payler,fpayler4y@wisc.edu
180,Beauregard,Cancellario,bcancellario4z@godaddy.com
181,Cathee,Loughlin,cloughlin50@noaa.gov
182,Germain,Stoneman,gstoneman51@sohu.com
183,Clemente,Itzkowicz,citzkowicz52@seesaa.net
184,Othella,Adderley,oadderley53@bizjournals.com
185,Abran,Sahnow,asahnow54@tiny.cc
186,Enoch,Ponnsett,eponnsett55@istockphoto.com
187,Thadeus,Wheatland,twheatland56@flickr.com
188,Verena,Plowright,vplowright57@dion.ne.jp
189,Ximenes,Minkin,xminkin58@topsy.com
190,Franzen,Scrogges,fscrogges59@bravesites.com
191,Corrinne,Sword,csword5a@ycombinator.com
192,Bordie,Girk,bgirk5b@oaic.gov.au
193,Richart,Shalloo,rshalloo5c@japanpost.jp
194,Kennett,Torre,ktorre5d@nytimes.com
195,Julieta,Siene,jsiene5e@1688.com
196,Olav,Perroni,operroni5f@cbc.ca
197,Beret,Thoumasson,bthoumasson5g@hud.gov
198,Uriah,Coen,ucoen5h@youtu.be
199,Elissa,Alecock,ealecock5i@sciencedirect.com
200,Clemmie,Burnard,cburnard5j@tumblr.com
201,Tate,Attril,tattril5k@reference.com
202,Nancey,Schermick,nschermick5l@java.com
203,Lilian,Dey,ldey5m@angelfire.com
204,Drud,McCreery,dmccreery5n@apache.org
205,Yoshi,Baggett,ybaggett5o@paginegialle.it
206,Gayelord,Massinger,gmassinger5p@whitehouse.gov
207,Fidela,Caghan,fcaghan5q@hud.gov
208,Pammi,Puig,ppuig5r@army.mil
209,Christy,Adame,cadame5s@bbb.org
210,Louella,Langley,llangley5t@va.gov
211,Gweneth,Edmand,gedmand5u@google.com
212,Joelynn,Deeks,jdeeks5v@bing.com
213,Lucia,Judge,ljudge5w@oracle.com
214,Harriott,Soffe,hsoffe5x@nhs.uk
215,Julius,Calbreath,jcalbreath5y@sitemeter.com
216,Harmonia,Abry,habry5z@intel.com
217,Reidar,Albisser,ralbisser60@furl.net
218,Tarrance,Graalman,tgraalman61@nhs.uk
219,Wallie,Matlock,wmatlock62@cmu.edu
220,Leif,Passo,lpasso63@disqus.com
221,Fenelia,Beament,fbeament64@sohu.com
222,York,Sancias,ysancias65@wordpress.org
223,Sylvia,Huntly,shuntly66@tumblr.com
224,Kameko,Angerstein,kangerstein67@usatoday.com
225,Inness,Gaven,igaven68@ycombinator.com
226,Edie,Divver,edivver69@squarespace.com
227,Teri,Cowely,tcowely6a@cnbc.com
228,Sasha,Jados,sjados6b@parallels.com
229,Aimee,Penwright,apenwright6c@salon.com
230,Herbie,Burgill,hburgill6d@cocolog-nifty.com
231,Bron,Worters,bworters6e@qq.com
232,Viviyan,Lenoir,vlenoir6f@51.la
233,Luther,Lancetter,llancetter6g@mlb.com
234,Danyelle,Lowsely,dlowsely6h@dot.gov
235,Lanny,Raitie,lraitie6i@a8.net
236,Carolyn,McElrath,cmcelrath6j@oracle.com
237,Ken,Luebbert,kluebbert6k@nbcnews.com
238,Cleve,Costellow,ccostellow6l@foxnews.com
239,Raddie,Lightowler,rlightowler6m@squarespace.com
240,Kathlin,Westcarr,kwestcarr6n@cnn.com
241,Skippie,Sweett,ssweett6o@netvibes.com
242,Timi,Flewan,tflewan6p@booking.com
243,Ami,Blaxall,ablaxall6q@bloglovin.com
244,Eleanore,Vaux,evaux6r@cocolog-nifty.com
245,Valli,Farnall,vfarnall6s@independent.co.uk
246,Salmon,Goodson,sgoodson6t@sina.com.cn
247,Golda,Cattemull,gcattemull6u@about.me
248,Werner,Fedoronko,wfedoronko6v@bizjournals.com
249,Charita,Harrigan,charrigan6w@example.com
250,Fredelia,Lethcoe,flethcoe6x@rambler.ru
251,Lita,Aingel,laingel6y@list-manage.com
252,Judi,Alessandrucci,jalessandrucci6z@dailymail.co.uk
253,Jacklyn,Lewington,jlewington70@over-blog.com
254,Jobi,Helsby,jhelsby71@state.gov
255,Galven,Lorenzo,glorenzo72@github.com
256,Hedwig,Spritt,hspritt73@indiatimes.com
257,Chase,Spadoni,cspadoni74@kickstarter.com
258,Guendolen,Pagan,gpagan75@nps.gov
259,Tamqrah,Roggero,troggero76@nhs.uk
260,Thorin,Haistwell,thaistwell77@ucla.edu
261,Pattie,O'Dooghaine,podooghaine78@sina.com.cn
262,Kermy,Gerrets,kgerrets79@yandex.ru
263,Dev,Krolman,dkrolman7a@jugem.jp
264,Verna,Connechy,vconnechy7b@wikimedia.org
265,Ferd,Grose,fgrose7c@dmoz.org
266,Obidiah,Carcass,ocarcass7d@fastcompany.com
267,Patrick,Perris,pperris7e@nationalgeographic.com
268,Had,Nutman,hnutman7f@intel.com
269,Ricardo,Antonovic,rantonovic7g@purevolume.com
270,Clotilda,Wannan,cwannan7h@mit.edu
271,Winonah,Dumbrill,wdumbrill7i@forbes.com
272,Andy,Clubley,aclubley7j@unicef.org
273,Corie,Breffitt,cbreffitt7k@nih.gov
274,Avril,Holhouse,aholhouse7l@senate.gov
275,Sibel,Teasdale,steasdale7m@nifty.com
276,Lanny,Pexton,lpexton7n@microsoft.com
277,Leona,Wrench,lwrench7o@goo.ne.jp
278,Augustina,Blodgetts,ablodgetts7p@twitpic.com
279,Shandy,Boniface,sboniface7q@list-manage.com
280,Kenna,Bradwell,kbradwell7r@over-blog.com
281,Manya,Soffe,msoffe7s@twitpic.com
282,Zonda,Baggs,zbaggs7t@mozilla.org
283,Janeczka,Pedrol,jpedrol7u@comcast.net
284,Christy,Rossin,crossin7v@dmoz.org
285,Waldon,Gaunter,wgaunter7w@businesswire.com
286,Paolina,Truluck,ptruluck7x@irs.gov
287,Marquita,Crosi,mcrosi7y@t-online.de
288,Kaila,Ockleshaw,kockleshaw7z@wiley.com
289,Janie,McParlin,jmcparlin80@4shared.com
290,Dagny,Harrill,dharrill81@squidoo.com
291,Yul,de Tocqueville,ydetocqueville82@freewebs.com
292,Johnathon,Hawe,jhawe83@gizmodo.com
293,Nonna,Kynan,nkynan84@census.gov
294,Karney,Sevior,ksevior85@joomla.org
295,John,Santi,jsanti86@blogtalkradio.com
296,Hildagarde,Malenfant,hmalenfant87@gizmodo.com
297,Jean,Hawford,jhawford88@cpanel.net
298,Tarrance,Bretherick,tbretherick89@hexun.com
299,Woodrow,O'Neill,woneill8a@flickr.com
300,Caitlin,Kalkofen,ckalkofen8b@wikimedia.org
301,Dasi,Banks,dbanks8c@usatoday.com
302,Shannah,Alphege,salphege8d@bbc.co.uk
303,Ogden,Bamlett,obamlett8e@canalblog.com
304,Beauregard,Shevill,bshevill8f@blogspot.com
305,Reuven,Fleming,rfleming8g@ask.com
306,Dyane,Lemmon,dlemmon8h@telegraph.co.uk
307,Donni,Leathard,dleathard8i@theatlantic.com
308,Jerrie,Skelbeck,jskelbeck8j@flickr.com
309,Dottie,Uden,duden8k@1und1.de
310,Delbert,Peakman,dpeakman8l@walmart.com
311,Hirsch,Euplate,heuplate8m@cloudflare.com
312,Dulcia,Loughlin,dloughlin8n@dedecms.com
313,Sherrie,Tenniswood,stenniswood8o@people.com.cn
314,Reinold,Bisp,rbisp8p@livejournal.com
315,Zoe,Fairebrother,zfairebrother8q@sina.com.cn
316,Ebenezer,Warin,ewarin8r@prweb.com
317,Yancey,Drinkhall,ydrinkhall8s@java.com
318,Layne,Oswick,loswick8t@accuweather.com
319,Martynne,Killen,mkillen8u@oaic.gov.au
320,Valma,Crompton,vcrompton8v@shutterfly.com
321,Roby,Castagne,rcastagne8w@woothemes.com
322,Carolin,Habble,chabble8x@yale.edu
323,Hermione,Scaplehorn,hscaplehorn8y@pen.io
324,Trixie,Simkin,tsimkin8z@buzzfeed.com
325,Ulrica,Blacksell,ublacksell90@google.com
326,Wilhelmine,Robun,wrobun91@exblog.jp
327,Kayne,Iveson,kiveson92@trellian.com
328,Vincenz,Hay,vhay93@census.gov
329,Kordula,Kubacek,kkubacek94@cdbaby.com
330,Egan,Manby,emanby95@bizjournals.com
331,Monique,Decroix,mdecroix96@blogspot.com
332,Christophorus,Duck,cduck97@jiathis.com
333,Felicity,Walstow,fwalstow98@oracle.com
334,Raquela,Niblock,rniblock99@webeden.co.uk
335,Honor,Rusk,hrusk9a@so-net.ne.jp
336,Arlyn,Olensby,aolensby9b@aboutads.info
337,Neron,Savill,nsavill9c@symantec.com
338,Raf,Vinick,rvinick9d@bigcartel.com
339,Delphinia,Pawlett,dpawlett9e@answers.com
340,Vincenty,Anetts,vanetts9f@sourceforge.net
341,Hayyim,Ech,hech9g@posterous.com
342,Hesther,Brun,hbrun9h@phoca.cz
343,Malva,Ferraretto,mferraretto9i@delicious.com
344,Cesya,Bambra,cbambra9j@google.it
345,Mareah,Newlove,mnewlove9k@loc.gov
346,Claresta,Paramor,cparamor9l@fc2.com
347,Sam,Kenwell,skenwell9m@dagondesign.com
348,Mildred,Ffoulkes,mffoulkes9n@shop-pro.jp
349,Timmie,Drewery,tdrewery9o@yolasite.com
350,Rayna,Silverthorn,rsilverthorn9p@myspace.com
351,Christoffer,Milmo,cmilmo9q@vk.com
352,Trumann,Dumbrell,tdumbrell9r@mozilla.com
353,Derk,Castella,dcastella9s@cornell.edu
354,Janaya,Branwhite,jbranwhite9t@com.com
355,Harmonia,Vallery,hvallery9u@freewebs.com
356,Davide,Lipman,dlipman9v@spotify.com
357,Zonda,Rye,zrye9w@sciencedaily.com
358,Jeremiah,McTerrelly,jmcterrelly9x@mlb.com
359,Brandy,McDonald,bmcdonald9y@hibu.com
360,Cyrillus,Vedikhov,cvedikhov9z@desdev.cn
361,Carlo,Grendon,cgrendona0@surveymonkey.com
362,Dani,Ostler,dostlera1@dell.com
363,Jamill,Jewer,jjewera2@bizjournals.com
364,Ervin,Antonat,eantonata3@umn.edu
365,Taffy,Bakhrushin,tbakhrushina4@jiathis.com
366,Kit,Fealty,kfealtya5@furl.net
367,Marylin,Rackley,mrackleya6@amazon.de
368,Dasya,Matskevich,dmatskevicha7@webnode.com
369,Florence,Angelini,fangelinia8@apple.com
370,Mildred,Thew,mthewa9@biblegateway.com
371,Tadeas,Mahony,tmahonyaa@google.es
372,Hyacinthe,Hachard,hhachardab@mapquest.com
373,Dot,Biddleston,dbiddlestonac@freewebs.com
374,Benny,Gozzett,bgozzettad@google.es
375,Gannie,Wilkie,gwilkieae@addtoany.com
376,Angel,Hanway,ahanwayaf@artisteer.com
377,Kira,Teager,kteagerag@about.com
378,Sharlene,Pedrielli,spedrielliah@mapquest.com
379,Emmey,Fright,efrightai@bbc.co.uk
380,Corrie,Bragginton,cbraggintonaj@storify.com
381,Tiler,Korbmaker,tkorbmakerak@sciencedirect.com
382,Adela,Grote,agroteal@ovh.net
383,Durant,Jiggle,djiggleam@topsy.com
384,Khalil,Simanek,ksimanekan@nifty.com
385,Bastien,Clace,bclaceao@diigo.com
386,Kirby,Jiras,kjirasap@skype.com
387,Jeannine,Turmell,jturmellaq@gnu.org
388,Lizbeth,Vowels,lvowelsar@posterous.com
389,Poppy,McAtamney,pmcatamneyas@gravatar.com
390,Judon,Pardal,jpardalat@indiegogo.com
391,Cully,Cutridge,ccutridgeau@surveymonkey.com
392,Zea,Opy,zopyav@myspace.com
393,Addison,Rickis,arickisaw@cbslocal.com
394,Oliver,Cordell,ocordellax@nps.gov
395,Jean,Rist,jristay@live.com
396,Winthrop,Thom,wthomaz@jimdo.com
397,Isobel,Christmas,ichristmasb0@bandcamp.com
398,Rafaelita,O'Moylane,romoylaneb1@odnoklassniki.ru
399,Domenic,Maddicks,dmaddicksb2@elegantthemes.com
400,Brion,Ibbott,bibbottb3@ycombinator.com
401,Margarete,Warwicker,mwarwickerb4@hubpages.com
402,Wake,Werndly,wwerndlyb5@ox.ac.uk
403,Hadley,O'Dunniom,hodunniomb6@yolasite.com
404,Angel,Maile,amaileb7@posterous.com
405,Letty,Readett,lreadettb8@aol.com
406,Sigvard,Spires,sspiresb9@cbsnews.com
407,Andrej,Derdes,aderdesba@smh.com.au
408,Tye,Duffin,tduffinbb@harvard.edu
409,Claudianus,Dewdeny,cdewdenybc@paginegialle.it
410,Jo,Alcock,jalcockbd@hatena.ne.jp
411,Valry,Sheering,vsheeringbe@chicagotribune.com
412,Meade,Lannin,mlanninbf@ftc.gov
413,Whitney,Vardon,wvardonbg@theguardian.com
414,Gottfried,Bortoluzzi,gbortoluzzibh@51.la
415,Candis,Challenor,cchallenorbi@umich.edu
416,Sergent,Haffner,shaffnerbj@g.co
417,Xylia,Brockett,xbrockettbk@lycos.com
418,Lem,Peevor,lpeevorbl@dion.ne.jp
419,Cherie,Niemetz,cniemetzbm@ft.com
420,Pattie,Nacci,pnaccibn@ibm.com
421,Haily,Nisbet,hnisbetbo@salon.com
422,Inna,Morewood,imorewoodbp@addtoany.com
423,Evaleen,Pesic,epesicbq@pcworld.com
424,Shirleen,Bril,sbrilbr@godaddy.com
425,Malinde,Friberg,mfribergbs@blogger.com
426,Munmro,Crombie,mcrombiebt@hhs.gov
427,Ferguson,Grandham,fgrandhambu@pagesperso-orange.fr
428,Laural,Colby,lcolbybv@e-recht24.de
429,Farris,Gladdis,fgladdisbw@cafepress.com
430,Massimiliano,Routledge,mroutledgebx@hp.com
431,Correy,Neal,cnealby@bbc.co.uk
432,Leonerd,Rosenkrantz,lrosenkrantzbz@godaddy.com
433,Iain,Cheevers,icheeversc0@tuttocitta.it
434,Leesa,Calleja,lcallejac1@cocolog-nifty.com
435,Mersey,Howford,mhowfordc2@list-manage.com
436,Deanne,Sheen,dsheenc3@rambler.ru
437,Callean,Mundell,cmundellc4@xing.com
438,Wileen,Brine,wbrinec5@earthlink.net
439,Ursola,Peyzer,upeyzerc6@sohu.com
440,Rayner,Hinzer,rhinzerc7@bbc.co.uk
441,Kiah,Coverley,kcoverleyc8@ezinearticles.com
442,Robby,Grossman,rgrossmanc9@creativecommons.org
443,Nickolaus,Conklin,nconklinca@washingtonpost.com
444,Leslie,Jumeau,ljumeaucb@apple.com
445,Petey,Gartland,pgartlandcc@elpais.com
446,Jeni,von Nassau,jvonnassaucd@virginia.edu
447,Row,Storrier,rstorrierce@last.fm
448,Lotta,Methringham,lmethringhamcf@istockphoto.com
449,Beatriz,Ravel,bravelcg@github.com
450,Jorrie,Plevin,jplevinch@reverbnation.com
451,Jesse,Egdell,jegdellci@last.fm
452,Cori,Engeham,cengehamcj@aboutads.info
453,Kathleen,Eixenberger,keixenbergerck@seesaa.net
454,Jamesy,Juschka,jjuschkacl@plala.or.jp
455,Enrica,Vaar,evaarcm@taobao.com
456,Erminia,Chuck,echuckcn@joomla.org
457,Vinny,Borrett,vborrettco@odnoklassniki.ru
458,Chev,Diglin,cdiglincp@japanpost.jp
459,Arleta,Ackrill,aackrillcq@icq.com
460,Orsa,Crothers,ocrotherscr@wikispaces.com
461,Matty,O'Scannill,moscannillcs@berkeley.edu
462,Lars,Sleeford,lsleefordct@cdc.gov
463,Rayna,Bertenshaw,rbertenshawcu@163.com
464,Shurwood,Abramof,sabramofcv@live.com
465,Darius,Mulhill,dmulhillcw@list-manage.com
466,Conni,Crowdy,ccrowdycx@123-reg.co.uk
467,Sallyann,Mariotte,smariottecy@tiny.cc
468,Edi,Pidgeley,epidgeleycz@ed.gov
469,Louella,Edgell,ledgelld0@google.com.br
470,Delmore,Duffree,dduffreed1@altervista.org
471,Benjy,Flori,bflorid2@google.com.br
472,Brnaba,Brunskill,bbrunskilld3@i2i.jp
473,Orazio,MacIntosh,omacintoshd4@wordpress.org
474,Annadiana,Jacqueminot,ajacqueminotd5@zdnet.com
475,Ann,Ferretti,aferrettid6@tinypic.com
476,Jacquie,Theobald,jtheobaldd7@businesswire.com
477,Beatrisa,Bogart,bbogartd8@blogspot.com
478,Maritsa,Vasechkin,mvasechkind9@123-reg.co.uk
479,Gilbertine,Ivanichev,givanichevda@ebay.co.uk
480,Kaela,Ross,krossdb@boston.com
481,Catriona,Stallworthy,cstallworthydc@imdb.com
482,Kissiah,Karpman,kkarpmandd@themeforest.net
483,Ricki,Bradbury,rbradburyde@altervista.org
484,Maurine,Gerlack,mgerlackdf@constantcontact.com
485,Margaret,Torrans,mtorransdg@jigsy.com
486,Case,Hellmer,chellmerdh@thetimes.co.uk
487,Matthias,Ozanne,mozannedi@foxnews.com
488,Alec,Henken,ahenkendj@bandcamp.com
489,Vita,McGauhy,vmcgauhydk@sogou.com
490,Carling,De Bernardi,cdebernardidl@tripod.com
491,Yvette,Margrem,ymargremdm@netscape.com
492,Sandro,Bliben,sblibendn@biglobe.ne.jp
493,Lu,Wimpenny,lwimpennydo@unblog.fr
494,Evelyn,Fasler,efaslerdp@etsy.com
495,Weidar,Maddin,wmaddindq@moonfruit.com
496,Yovonnda,Horrod,yhorroddr@xinhuanet.com
497,Wolfie,Lishmund,wlishmundds@latimes.com
498,Randee,Guidetti,rguidettidt@multiply.com
499,Cecilla,Gother,cgotherdu@tiny.cc
500,Linn,Cridlan,lcridlandv@artisteer.com
501,Faythe,Munkley,fmunkleydw@boston.com
502,Ronny,Baumford,rbaumforddx@biblegateway.com
503,Case,Gregine,cgreginedy@issuu.com
504,Maurise,Canniffe,mcanniffedz@plala.or.jp
505,Marylou,Vasilischev,mvasilischeve0@amazon.de
506,Bruce,Domnin,bdomnine1@amazon.com
507,Mimi,Birdsall,mbirdsalle2@sbwire.com
508,Rachel,Guittet,rguittete3@opensource.org
509,Issiah,Strothers,istrotherse4@fda.gov
510,Nehemiah,Dreigher,ndreighere5@va.gov
511,Wilfred,Chat,wchate6@squarespace.com
512,Maggee,Mateuszczyk,mmateuszczyke7@cbc.ca
513,Avrom,Richold,aricholde8@yellowpages.com
514,Lisbeth,Mariault,lmariaulte9@icio.us
515,Symon,Elener,selenerea@blinklist.com
516,Dorian,Ferenczi,dferenczieb@reverbnation.com
517,Gwenni,Solomonides,gsolomonidesec@soundcloud.com
518,Stevana,Hanhardt,shanhardted@springer.com
519,Darrick,Goodhew,dgoodhewee@mashable.com
520,Sawyer,Klulisek,sklulisekef@hibu.com
521,Cynde,Parkyns,cparkynseg@spotify.com
522,Jordanna,Odgaard,jodgaardeh@feedburner.com
523,Derrick,Hamfleet,dhamfleetei@sohu.com
524,Curran,Millgate,cmillgateej@alexa.com
525,Kiele,Surphliss,ksurphlissek@clickbank.net
526,Zita,Madigan,zmadiganel@networkadvertising.org
527,Adelaide,Mogg,amoggem@multiply.com
528,Bride,St. John,bstjohnen@clickbank.net
529,Jillayne,Ganders,jganderseo@harvard.edu
530,Shelby,Spear,sspearep@google.ca
531,Amandi,Mallalieu,amallalieueq@opensource.org
532,Melania,Matthiesen,mmatthiesener@craigslist.org
533,Davida,Tassaker,dtassakeres@miitbeian.gov.cn
534,Ursa,Dedden,udeddenet@geocities.com
535,Shirline,Korn,skorneu@cisco.com
536,Jefferey,Cornall,jcornallev@etsy.com
537,Gabie,Gromley,ggromleyew@blogspot.com
538,Alis,Ellsworthe,aellswortheex@admin.ch
539,Russell,Hessel,rhesseley@liveinternet.ru
540,Christie,Mapplethorpe,cmapplethorpeez@nytimes.com
541,Nikolas,Eacle,neaclef0@nps.gov
542,Valeda,Snalham,vsnalhamf1@hp.com
543,Dominica,Shorthill,dshorthillf2@shutterfly.com
544,Corrinne,Gilhoolie,cgilhoolief3@mayoclinic.com
545,Octavia,Boggas,oboggasf4@thetimes.co.uk
546,Paulina,Grishmanov,pgrishmanovf5@imgur.com
547,Crista,Beeho,cbeehof6@com.com
548,Stearn,Bernt,sberntf7@springer.com
549,Jordan,Tilliards,jtilliardsf8@indiegogo.com
550,Petey,Ghiron,pghironf9@gnu.org
551,Patricia,Ranken,prankenfa@nsw.gov.au
552,Tann,Lorraine,tlorrainefb@engadget.com
553,Bride,Tidridge,btidridgefc@geocities.com
554,George,Harhoff,gharhofffd@behance.net
555,Nathalia,Siemons,nsiemonsfe@uiuc.edu
556,Fidelio,Boughton,fboughtonff@google.ru
557,Chalmers,Tredwell,ctredwellfg@newyorker.com
558,Eba,Aarons,eaaronsfh@nps.gov
559,Sheena,Meynell,smeynellfi@vk.com
560,Pryce,Babber,pbabberfj@indiegogo.com
561,Libbi,Finlater,lfinlaterfk@mapy.cz
562,Tomasine,Dumpleton,tdumpletonfl@sina.com.cn
563,Brade,Keatley,bkeatleyfm@tmall.com
564,Melisandra,Spivey,mspiveyfn@dot.gov
565,Leilah,MacGarvey,lmacgarveyfo@mlb.com
566,Merrill,Ramelot,mramelotfp@telegraph.co.uk
567,Delbert,Extil,dextilfq@paginegialle.it
568,Martainn,Mellish,mmellishfr@amazon.co.uk
569,Addie,Tace,atacefs@tripadvisor.com
570,Clement,Eby,cebyft@businessweek.com
571,Dani,Milmith,dmilmithfu@fema.gov
572,Mattheus,Wingeat,mwingeatfv@oaic.gov.au
573,Katharyn,O'Doherty,kodohertyfw@studiopress.com
574,Morrie,Culpen,mculpenfx@upenn.edu
575,Jonah,Ferrara,jferrarafy@wufoo.com
576,Kakalina,Zorener,kzorenerfz@eepurl.com
577,Danyette,Hirth,dhirthg0@psu.edu
578,Stevana,Varley,svarleyg1@ibm.com
579,Horatia,Toderi,htoderig2@myspace.com
580,Fan,Lantuffe,flantuffeg3@yolasite.com
581,Neil,Rolph,nrolphg4@techcrunch.com
582,Solly,Moralee,smoraleeg5@berkeley.edu
583,Harvey,Thorns,hthornsg6@weebly.com
584,Devonne,Pretswell,dpretswellg7@bloomberg.com
585,Kerry,Knipe,kknipeg8@narod.ru
586,Dela,Harbinson,dharbinsong9@fastcompany.com
587,Marve,Phython,mphythonga@wisc.edu
588,Ellswerth,Backshill,ebackshillgb@businesswire.com
589,Zondra,Dust,zdustgc@miitbeian.gov.cn
590,Flory,Blewmen,fblewmengd@boston.com
591,Hendrick,Sinden,hsindenge@hexun.com
592,Rozella,Illyes,rillyesgf@hibu.com
593,Sol,Robbings,srobbingsgg@hatena.ne.jp
594,Martha,Abbate,mabbategh@homestead.com
595,Addi,Bernt,aberntgi@china.com.cn
596,Isadore,Kerne,ikernegj@cafepress.com
597,Seumas,Montier,smontiergk@hud.gov
598,Annmarie,Hiscoe,ahiscoegl@salon.com
599,Reggis,Balkwill,rbalkwillgm@amazon.co.uk
600,Dominique,Dutton,dduttongn@creativecommons.org
601,Ludovico,Hought,lhoughtgo@narod.ru
602,Meier,Karpol,mkarpolgp@ocn.ne.jp
603,Bird,Lansdale,blansdalegq@pcworld.com
604,Reinaldo,Van der Veldt,rvanderveldtgr@4shared.com
605,Nalani,Soares,nsoaresgs@purevolume.com
606,Jane,Swayne,jswaynegt@webs.com
607,Fields,Rawlingson,frawlingsongu@fema.gov
608,Brear,Ketteridge,bketteridgegv@acquirethisname.com
609,Ervin,Kauscher,ekauschergw@kickstarter.com
610,Sandy,Christiensen,schristiensengx@drupal.org
611,Ulrikaumeko,Schuster,uschustergy@ow.ly
612,Nanice,Shurrock,nshurrockgz@google.co.uk
613,Harry,Androli,handrolih0@irs.gov
614,Isador,Galsworthy,igalsworthyh1@arstechnica.com
615,Link,Membry,lmembryh2@businesswire.com
616,Guillema,Skaife d'Ingerthorpe,gskaifedingerthorpeh3@un.org
617,Aundrea,Klehyn,aklehynh4@cmu.edu
618,Issiah,Delort,idelorth5@cpanel.net
619,Tisha,Morrell,tmorrellh6@state.gov
620,Clemence,Pantling,cpantlingh7@histats.com
621,Garth,Clawe,gclaweh8@nasa.gov
622,Beret,McKenna,bmckennah9@census.gov
623,Giacinta,Taffee,gtaffeeha@forbes.com
624,Jerrome,Lea,jleahb@aboutads.info
625,Miller,Burk,mburkhc@phpbb.com
626,Garrard,Samples,gsampleshd@last.fm
627,Willow,Maggi,wmaggihe@chicagotribune.com
628,Tracey,Hitscher,thitscherhf@msn.com
629,Hortensia,Janic,hjanichg@digg.com
630,Farra,Conrard,fconrardhh@soundcloud.com
631,Minnie,Sleightholm,msleightholmhi@adobe.com
632,Cathe,Billin,cbillinhj@github.io
633,Archie,Soppit,asoppithk@wordpress.org
634,Brander,McGloughlin,bmcgloughlinhl@imgur.com
635,Gaspard,Eddolls,geddollshm@upenn.edu
636,Terri-jo,Berkery,tberkeryhn@g.co
637,Constantino,Ferroni,cferroniho@nydailynews.com
638,Alissa,Bracegirdle,abracegirdlehp@ed.gov
639,Rossie,MacDwyer,rmacdwyerhq@amazonaws.com
640,Kelley,McWhannel,kmcwhannelhr@msu.edu
641,Milly,Bezants,mbezantshs@chronoengine.com
642,Faustine,McGrail,fmcgrailht@usatoday.com
643,Tandi,Voase,tvoasehu@cbslocal.com
644,Meredithe,Kleiser,mkleiserhv@constantcontact.com
645,Kitti,Swarbrigg,kswarbrigghw@joomla.org
646,Fleur,McCartan,fmccartanhx@scientificamerican.com
647,Lorianna,Eneas,leneashy@state.gov
648,Ottilie,Gibson,ogibsonhz@weather.com
649,Oralia,Tasseler,otasseleri0@skype.com
650,Ebenezer,Schmuhl,eschmuhli1@livejournal.com
651,Allison,Budgett,abudgetti2@is.gd
652,Geordie,Mitrikhin,gmitrikhini3@who.int
653,Noella,Blazynski,nblazynskii4@linkedin.com
654,Skye,Greschik,sgreschiki5@4shared.com
655,May,Woollacott,mwoollacotti6@php.net
656,Sylvester,Rockell,srockelli7@eepurl.com
657,Jenn,Tunnow,jtunnowi8@va.gov
658,Asa,Tome,atomei9@hao123.com
659,Antonius,Draper,adraperia@networksolutions.com
660,Ginnie,Piscot,gpiscotib@ustream.tv
661,Nina,Coldicott,ncoldicottic@com.com
662,Prue,Farmar,pfarmarid@boston.com
663,Maressa,Munt,mmuntie@goodreads.com
664,Dorolice,Maffia,dmaffiaif@bluehost.com
665,Jordana,Gorse,jgorseig@nps.gov
666,Neils,Whisker,nwhiskerih@drupal.org
667,Pandora,Farrin,pfarrinii@va.gov
668,Lorianna,Giddins,lgiddinsij@npr.org
669,Helge,Leadbeater,hleadbeaterik@reference.com
670,Kissiah,Weald,kwealdil@washington.edu
671,Benito,Kensitt,bkensittim@sfgate.com
672,Jasen,McKinney,jmckinneyin@chronoengine.com
673,Bernie,Deftie,bdeftieio@pagesperso-orange.fr
674,Gorden,Winscom,gwinscomip@unc.edu
675,Patience,Balkwill,pbalkwilliq@fema.gov
676,Ode,Vasser,ovasserir@amazon.co.jp
677,Anatola,Dank,adankis@surveymonkey.com
678,Joannes,Farrington,jfarringtonit@walmart.com
679,Galvin,Varfolomeev,gvarfolomeeviu@amazonaws.com
680,Gwenni,Rheaume,grheaumeiv@ftc.gov
681,Xenos,Euels,xeuelsiw@google.com.hk
682,Garwood,Brewitt,gbrewittix@yale.edu
683,Marcelle,Cleaton,mcleatoniy@ebay.co.uk
684,Demetre,Simmance,dsimmanceiz@tiny.cc
685,Winny,Ronchi,wronchij0@aol.com
686,Town,Vial,tvialj1@statcounter.com
687,Britt,Hardison,bhardisonj2@apache.org
688,Allayne,Mungane,amunganej3@elpais.com
689,Graeme,Rawlin,grawlinj4@economist.com
690,Angelo,Stonman,astonmanj5@quantcast.com
691,Sarge,Reisenberg,sreisenbergj6@ted.com
692,Starr,Waldock,swaldockj7@slate.com
693,Chrystal,Petrasso,cpetrassoj8@aboutads.info
694,Emmerich,Perutto,eperuttoj9@de.vu
695,Harper,MacRannell,hmacrannellja@buzzfeed.com
696,Skipp,Dumper,sdumperjb@domainmarket.com
697,Loleta,Fulcher,lfulcherjc@sitemeter.com
698,Berky,Whittam,bwhittamjd@last.fm
699,Ram,Stollard,rstollardje@reddit.com
700,Nolan,Piscotti,npiscottijf@army.mil
701,Matthew,Hugenin,mhugeninjg@ameblo.jp
702,Valry,Heisman,vheismanjh@mail.ru
703,Solly,Newberry,snewberryji@people.com.cn
704,Edouard,Keneford,ekenefordjj@wordpress.org
705,Rennie,Kenningley,rkenningleyjk@people.com.cn
706,Cortie,Mazzia,cmazziajl@narod.ru
707,Jacintha,Dawidsohn,jdawidsohnjm@opera.com
708,Suzanne,Walewicz,swalewiczjn@facebook.com
709,Tomasina,Luckhurst,tluckhurstjo@last.fm
710,Jere,Bricklebank,jbricklebankjp@flickr.com
711,Shanon,Luna,slunajq@pbs.org
712,Gusella,Garforth,ggarforthjr@census.gov
713,Hyacinthia,Weyman,hweymanjs@wufoo.com
714,Pedro,Ginsie,pginsiejt@xrea.com
715,Adler,Hiddsley,ahiddsleyju@state.tx.us
716,Bond,Barnaby,bbarnabyjv@gnu.org
717,Christie,Ritter,critterjw@nbcnews.com
718,Kip,Askam,kaskamjx@domainmarket.com
719,Lelia,Meak,lmeakjy@google.co.uk
720,Gib,Hake,ghakejz@salon.com
721,Olin,Finlason,ofinlasonk0@technorati.com
722,Earvin,Henkmann,ehenkmannk1@amazon.com
723,Alis,Minot,aminotk2@ed.gov
724,Ambrose,Lindsey,alindseyk3@virginia.edu
725,Maynard,Ricard,mricardk4@google.nl
726,Romy,Oxbrough,roxbroughk5@chronoengine.com
727,Torey,Brason,tbrasonk6@bing.com
728,Lazarus,Connal,lconnalk7@intel.com
729,Paton,Glendinning,pglendinningk8@tiny.cc
730,Lucho,Stilwell,lstilwellk9@nature.com
731,Ernie,MacMenamie,emacmenamieka@delicious.com
732,Mable,Purcell,mpurcellkb@zdnet.com
733,Germayne,Gyorgy,ggyorgykc@digg.com
734,Ethelbert,Pinsent,epinsentkd@foxnews.com
735,Benson,Sellen,bsellenke@artisteer.com
736,Washington,Cumbridge,wcumbridgekf@thetimes.co.uk
737,Renaldo,Balhatchet,rbalhatchetkg@people.com.cn
738,Katrine,Thornbarrow,kthornbarrowkh@dion.ne.jp
739,Rollin,Mulbery,rmulberyki@engadget.com
740,Demetri,Halloway,dhallowaykj@noaa.gov
741,Nara,Oswell,noswellkk@so-net.ne.jp
742,Gaston,Collister,gcollisterkl@purevolume.com
743,Molli,Stuckes,mstuckeskm@businesswire.com
744,Zacharia,Windmill,zwindmillkn@netlog.com
745,Darren,todor,dtodorko@rediff.com
746,Elihu,Biasioli,ebiasiolikp@mapy.cz
747,Jaquelin,Martynov,jmartynovkq@gnu.org
748,Colas,McReynolds,cmcreynoldskr@timesonline.co.uk
749,Theobald,Brunon,tbrunonks@amazon.co.uk
750,Laurice,Napoleon,lnapoleonkt@baidu.com
751,Arlen,Faulks,afaulksku@bbc.co.uk
752,Sibbie,Ianetti,sianettikv@gnu.org
753,Diandra,Featherstonehaugh,dfeatherstonehaughkw@engadget.com
754,Gardner,Colin,gcolinkx@fema.gov
755,Charmine,Marjot,cmarjotky@ucla.edu
756,Prudence,Demongeot,pdemongeotkz@bigcartel.com
757,Elwood,Gosz,egoszl0@yahoo.com
758,Forest,Grent,fgrentl1@webmd.com
759,Reece,Sellstrom,rsellstroml2@theatlantic.com
760,Waylen,Aitchison,waitchisonl3@fc2.com
761,Fred,Leal,fleall4@xing.com
762,Suki,Perrelli,sperrellil5@surveymonkey.com
763,Dorothee,Cuvley,dcuvleyl6@paypal.com
764,Evangeline,Saile,esailel7@livejournal.com
765,Mirna,Poynzer,mpoynzerl8@ihg.com
766,Elspeth,Cockran,ecockranl9@histats.com
767,Daryl,Boldra,dboldrala@xinhuanet.com
768,Moishe,Ingre,mingrelb@soundcloud.com
769,Graig,Collings,gcollingslc@google.ca
770,Mina,Dussy,mdussyld@clickbank.net
771,Tonnie,Lowne,tlownele@163.com
772,Marleah,Andrag,mandraglf@sphinn.com
773,Teodora,Platt,tplattlg@wix.com
774,Gris,McKilroe,gmckilroelh@hp.com
775,Keary,Grishinov,kgrishinovli@altervista.org
776,Giacobo,Flecknell,gflecknelllj@ucsd.edu
777,Lilas,Cullon,lcullonlk@baidu.com
778,Kimberley,D'Cruze,kdcruzell@gmpg.org
779,Gunilla,Daverin,gdaverinlm@npr.org
780,Britteny,Grovier,bgrovierln@vkontakte.ru
781,Bryana,Cardoe,bcardoelo@deliciousdays.com
782,Mozes,Scamadine,mscamadinelp@imgur.com
783,Lolly,Patterson,lpattersonlq@ed.gov
784,Brittaney,Milligan,bmilliganlr@arstechnica.com
785,Damien,Mattke,dmattkels@google.ru
786,Rogers,Le Pine,rlepinelt@tumblr.com
787,Mahala,Kippins,mkippinslu@wunderground.com
788,Wolfy,Ariss,warisslv@purevolume.com
789,Morton,Hessing,mhessinglw@slate.com
790,Bailey,Hassin,bhassinlx@newsvine.com
791,Alessandra,Rylance,arylancely@tuttocitta.it
792,Lenore,Manterfield,lmanterfieldlz@mapquest.com
793,Henrie,Edwardson,hedwardsonm0@howstuffworks.com
794,Jo-ann,Lethby,jlethbym1@google.com.au
795,Darelle,Dunbobbin,ddunbobbinm2@weather.com
796,Solly,Fitzpatrick,sfitzpatrickm3@myspace.com
797,Giusto,Cromar,gcromarm4@xing.com
798,Miquela,Killelea,mkilleleam5@noaa.gov
799,Dulcea,Carletti,dcarlettim6@businessweek.com
800,Devlen,Crowdson,dcrowdsonm7@ovh.net
801,Kathlin,Pearle,kpearlem8@addtoany.com
802,Charla,Coston,ccostonm9@histats.com
803,Sydney,Pendreigh,spendreighma@angelfire.com
804,Guenevere,D'Agostino,gdagostinomb@mlb.com
805,Halette,Wroath,hwroathmc@indiegogo.com
806,Reece,St Quenin,rstqueninmd@aol.com
807,Delcina,McCool,dmccoolme@webeden.co.uk
808,Sharyl,Dunsleve,sdunslevemf@cam.ac.uk
809,Silva,Gillatt,sgillattmg@gov.uk
810,Randie,Bugbee,rbugbeemh@gov.uk
811,Humfried,Micallef,hmicallefmi@toplist.cz
812,Moore,Osborn,mosbornmj@wsj.com
813,Merrick,Dorber,mdorbermk@usatoday.com
814,Linzy,Dami,ldamiml@merriam-webster.com
815,Kenna,Shoobridge,kshoobridgemm@hud.gov
816,Drugi,Philipp,dphilippmn@cdc.gov
817,Abeu,Steinham,asteinhammo@php.net
818,Graig,Clear,gclearmp@webmd.com
819,Berte,Quinsee,bquinseemq@dagondesign.com
820,Celestia,Flory,cflorymr@privacy.gov.au
821,Beatrisa,Krol,bkrolms@soup.io
822,Rasla,Dunbobbin,rdunbobbinmt@sina.com.cn
823,Dorotea,Kapelhof,dkapelhofmu@1und1.de
824,Bogey,Rieger,briegermv@nydailynews.com
825,Chadwick,Netting,cnettingmw@msu.edu
826,Aundrea,Ibert,aibertmx@reverbnation.com
827,Domenic,Rodear,drodearmy@mapy.cz
828,Karee,Mosdill,kmosdillmz@sourceforge.net
829,Cassie,Belcham,cbelchamn0@theglobeandmail.com
830,Daffie,Tite,dtiten1@addthis.com
831,Becka,Nottingam,bnottingamn2@mashable.com
832,Kiel,Ferraraccio,kferraraccion3@cbslocal.com
833,Sula,Pressey,spresseyn4@tinypic.com
834,Margeaux,Waberer,mwaberern5@ft.com
835,Ransom,Duignan,rduignann6@google.it
836,Annice,McLennan,amclennann7@cdbaby.com
837,Alyda,Billborough,abillboroughn8@google.com.hk
838,Culley,Molder,cmoldern9@mysql.com
839,Baird,Thomton,bthomtonna@twitpic.com
840,Martha,Litherland,mlitherlandnb@google.ca
841,Eveleen,Plunkett,eplunkettnc@gizmodo.com
842,Gus,Mitchelmore,gmitchelmorend@themeforest.net
843,Kamilah,Ruckert,kruckertne@bizjournals.com
844,Bert,Geoghegan,bgeoghegannf@cornell.edu
845,Abigael,Dartnall,adartnallng@dyndns.org
846,Maximilien,Faull,mfaullnh@engadget.com
847,Felisha,Dulany,fdulanyni@ebay.com
848,Edward,Kemmons,ekemmonsnj@naver.com
849,Lusa,Gabotti,lgabottink@theglobeandmail.com
850,Jacquenetta,Clyde,jclydenl@a8.net
851,Thayne,Du Hamel,tduhamelnm@omniture.com
852,Camala,Robuchon,crobuchonnn@moonfruit.com
853,Nadeen,Mont,nmontno@vkontakte.ru
854,Kendre,Stansbie,kstansbienp@examiner.com
855,Inger,Streetley,istreetleynq@nbcnews.com
856,Betteanne,Whitehorne,bwhitehornenr@digg.com
857,Konstantin,Gellibrand,kgellibrandns@jiathis.com
858,Ileane,Renvoys,irenvoysnt@1und1.de
859,Ara,Cosford,acosfordnu@census.gov
860,Pedro,Scathard,pscathardnv@plala.or.jp
861,Daune,Ferre,dferrenw@mozilla.com
862,Astra,Lofthouse,alofthousenx@webnode.com
863,Jori,Chesters,jchestersny@phpbb.com
864,Axe,Crust,acrustnz@accuweather.com
865,Dorian,Pinxton,dpinxtono0@indiegogo.com
866,Caryl,Botterman,cbottermano1@scientificamerican.com
867,Humberto,Gabotti,hgabottio2@house.gov
868,Bjorn,Shutle,bshutleo3@economist.com
869,Edgard,Battye,ebattyeo4@ftc.gov
870,Aeriela,Biasio,abiasioo5@google.com.br
871,Rivkah,Killcross,rkillcrosso6@army.mil
872,Maurita,Bevans,mbevanso7@cafepress.com
873,Leilah,Crimes,lcrimeso8@ameblo.jp
874,Alyss,Salter,asaltero9@shop-pro.jp
875,Guillaume,Ironside,gironsideoa@smugmug.com
876,Gusty,Attack,gattackob@biglobe.ne.jp
877,Ferguson,Mityashin,fmityashinoc@vinaora.com
878,Florinda,Broy,fbroyod@dot.gov
879,Laurens,Armin,larminoe@yahoo.com
880,Wyn,Kilner,wkilnerof@stanford.edu
881,Roselle,Wipper,rwipperog@irs.gov
882,Audie,Elphinston,aelphinstonoh@cdc.gov
883,Haily,Buterton,hbutertonoi@oakley.com
884,Tammie,Wagg,twaggoj@eventbrite.com
885,Hillard,Mapstone,hmapstoneok@whitehouse.gov
886,Uriah,De Bruijn,udebruijnol@google.pl
887,Allison,Laible,alaibleom@goo.ne.jp
888,Desiri,Cullen,dcullenon@uol.com.br
889,Natalee,Collcott,ncollcottoo@lycos.com
890,Cati,Greeves,cgreevesop@printfriendly.com
891,Hedvige,MacCumeskey,hmaccumeskeyoq@miitbeian.gov.cn
892,Dorey,McSharry,dmcsharryor@salon.com
893,Ashlin,Ketteringham,aketteringhamos@jalbum.net
894,Noreen,Portail,nportailot@google.es
895,Alyosha,Fairley,afairleyou@netscape.com
896,Jilleen,Lotte,jlotteov@infoseek.co.jp
897,Demott,Scohier,dscohierow@who.int
898,Vernice,Brellin,vbrellinox@census.gov
899,Judah,Filshin,jfilshinoy@google.ca
900,Sherrie,Greatbatch,sgreatbatchoz@comsenz.com
901,Marrilee,Magog,mmagogp0@skype.com
902,Pierre,Avo,pavop1@npr.org
903,Chantal,Beaton,cbeatonp2@go.com
904,Wallie,Gayther,wgaytherp3@businessweek.com
905,Pepi,Ousby,pousbyp4@behance.net
906,Sheelagh,Gaddie,sgaddiep5@sbwire.com
907,Sada,Charte,schartep6@xinhuanet.com
908,Barbara,Sharland,bsharlandp7@ezinearticles.com
909,Crysta,Dallas,cdallasp8@squarespace.com
910,Stanly,Bick,sbickp9@ning.com
911,Nelie,McAteer,nmcateerpa@themeforest.net
912,Tabbatha,Smullen,tsmullenpb@dion.ne.jp
913,Thelma,Edeler,tedelerpc@mtv.com
914,Yevette,Stennett,ystennettpd@newyorker.com
915,Niels,Allridge,nallridgepe@si.edu
916,Wynn,McAlpin,wmcalpinpf@mashable.com
917,Emlyn,Amis,eamispg@mozilla.com
918,Tulley,McGooch,tmcgoochph@ebay.com
919,Jard,Pooley,jpooleypi@mapquest.com
920,Beau,Vassay,bvassaypj@omniture.com
921,Rossie,Whitehurst,rwhitehurstpk@foxnews.com
922,Lezley,Flaubert,lflaubertpl@wikimedia.org
923,Caryl,Faulkner,cfaulknerpm@google.com.br
924,Garek,Helbeck,ghelbeckpn@redcross.org
925,Casi,Assur,cassurpo@earthlink.net
926,Octavius,Rebanks,orebankspp@barnesandnoble.com
927,Matthiew,Dubock,mdubockpq@example.com
928,Rasia,Wones,rwonespr@sakura.ne.jp
929,Mirna,Turvie,mturvieps@google.com.hk
930,Sheeree,O'Driscoll,sodriscollpt@nifty.com
931,Kimberlyn,Whines,kwhinespu@imgur.com
932,Darill,Riach,driachpv@washingtonpost.com
933,Demetri,Elcox,delcoxpw@mac.com
934,Dorolisa,McCreadie,dmccreadiepx@dell.com
935,Emlyn,Naisbet,enaisbetpy@prweb.com
936,Skell,Krolle,skrollepz@loc.gov
937,Torrey,Dysert,tdysertq0@mit.edu
938,Pammi,Valder,pvalderq1@dedecms.com
939,Edwina,Lindblom,elindblomq2@hugedomains.com
940,Gay,Alpe,galpeq3@godaddy.com
941,Romona,Crissil,rcrissilq4@hhs.gov
942,Jenda,Wallhead,jwallheadq5@domainmarket.com
943,Dominik,Keates,dkeatesq6@yolasite.com
944,Lorry,Tolland,ltollandq7@bravesites.com
945,Celine,Quarlis,cquarlisq8@furl.net
946,Jessee,Scorton,jscortonq9@jigsy.com
947,Regina,Brompton,rbromptonqa@amazonaws.com
948,Kellina,Gerin,kgerinqb@japanpost.jp
949,Beatrice,Compson,bcompsonqc@pagesperso-orange.fr
950,Leonard,Byer,lbyerqd@prlog.org
951,Gian,Knibley,gknibleyqe@google.fr
952,Idelle,McOwan,imcowanqf@nymag.com
953,Jemie,Mellings,jmellingsqg@accuweather.com
954,Bevan,De Normanville,bdenormanvilleqh@eventbrite.com
955,Christie,Wrathall,cwrathallqi@examiner.com
956,Rosaleen,Ralling,rrallingqj@trellian.com
957,Gates,Boggish,gboggishqk@cnet.com
958,Shem,Carden,scardenql@behance.net
959,Marti,Barnham,mbarnhamqm@ucoz.ru
960,Cariotta,Ateridge,cateridgeqn@cpanel.net
961,Ester,Planks,eplanksqo@freewebs.com
962,Goraud,Muglestone,gmuglestoneqp@msn.com
963,Edan,Patullo,epatulloqq@weibo.com
964,Heywood,Adamovitz,hadamovitzqr@wikimedia.org
965,Codie,Dunphy,cdunphyqs@symantec.com
966,Frayda,Frayne,ffrayneqt@1688.com
967,Tripp,Redshaw,tredshawqu@meetup.com
968,Ardra,Huntley,ahuntleyqv@booking.com
969,Pen,Reditt,predittqw@patch.com
970,Rosalind,Simoneton,rsimonetonqx@yale.edu
971,Ricki,Endon,rendonqy@qq.com
972,Rene,Wragg,rwraggqz@free.fr
973,Marylinda,Petkov,mpetkovr0@nyu.edu
974,Augustin,Aseef,aaseefr1@t.co
975,Jacinta,Monro,jmonror2@cdbaby.com
976,Lea,Hardison,lhardisonr3@hhs.gov
977,Stavro,McDermot,smcdermotr4@diigo.com
978,Lyndsie,Cosstick,lcosstickr5@cyberchimps.com
979,Athene,Huegett,ahuegettr6@bbb.org
980,Christina,Tippings,ctippingsr7@fotki.com
981,Georg,Dorie,gdorier8@webnode.com
982,Renae,Toderini,rtoderinir9@princeton.edu
983,Marylynne,Benadette,mbenadettera@cbslocal.com
984,Jeni,Hovert,jhovertrb@google.com.hk
985,Basilius,Toyne,btoynerc@accuweather.com
986,Elnore,Penhearow,epenhearowrd@prweb.com
987,Franz,Channer,fchannerre@51.la
988,Katrinka,Strutz,kstrutzrf@ocn.ne.jp
989,Gertrude,Brammer,gbrammerrg@amazon.de
990,Reinaldos,Filppetti,rfilppettirh@jiathis.com
991,Cynthie,Valti,cvaltiri@nydailynews.com
992,Armando,Eddie,aeddierj@foxnews.com
993,Templeton,Tabourel,ttabourelrk@bizjournals.com
994,Ruby,McKevin,rmckevinrl@bluehost.com
995,Nicky,MacBey,nmacbeyrm@cam.ac.uk
996,Beckie,Lenham,blenhamrn@deviantart.com
997,Leupold,Bottlestone,lbottlestonero@goodreads.com
998,Timoteo,Sapseed,tsapseedrp@ibm.com
999,Batholomew,Tolhurst,btolhurstrq@tiny.cc
1000,Brenn,Vinker,bvinkerrr@de.vu
